Fecha;Cobros;Pagos_Operativos;Pagos_Programados;Flujo_Caja;Saldo_Bancario
2021-01-01;465.235,85 €;15.400,10 €;0,00 €;449.835,75 €;3.649.835,75 €
2021-01-02;398.000,79 €;13.404,66 €;0,00 €;384.596,13 €;4.034.431,88 €
2021-01-03;487.522,56 €;15.299,45 €;0,00 €;472.223,11 €;4.506.654,99 €
2021-01-04;497.028,24 €;12.658,20 €;0,00 €;484.370,04 €;4.991.025,03 €
2021-01-05;352.448,24 €;15.814,29 €;1.200.000,00 €;-863.366,05 €;4.127.658,98 €
2021-01-06;2.348,91 €;16.536,77 €;0,00 €;-14.187,86 €;4.113.471,13 €
2021-01-07;3.063,92 €;13.825,23 €;0,00 €;-10.761,31 €;4.102.709,82 €
2021-01-08;2.841,88 €;13.294,62 €;0,00 €;-10.452,74 €;4.092.257,08 €
2021-01-09;2.991,60 €;11.765,97 €;0,00 €;-8.774,37 €;4.083.482,71 €
2021-01-10;2.573,48 €;14.600,38 €;0,00 €;-12.026,90 €;4.071.455,81 €
2021-01-11;3.439,70 €;14.127,61 €;0,00 €;-10.687,91 €;4.060.767,90 €
2021-01-12;3.388,90 €;12.673,47 €;0,00 €;-9.284,57 €;4.051.483,33 €
2021-01-13;3.033,02 €;15.679,53 €;0,00 €;-12.646,51 €;4.038.836,81 €
2021-01-14;3.563,62 €;14.325,04 €;0,00 €;-10.761,42 €;4.028.075,39 €
2021-01-15;3.233,75 €;13.386,40 €;0,00 €;-10.152,64 €;4.017.922,75 €
2021-01-16;2.570,35 €;14.168,14 €;0,00 €;-11.597,79 €;4.006.324,96 €
2021-01-17;3.184,38 €;16.606,96 €;0,00 €;-13.422,58 €;3.992.902,38 €
2021-01-18;2.520,56 €;15.904,41 €;0,00 €;-13.383,85 €;3.979.518,53 €
2021-01-19;3.439,23 €;14.804,96 €;0,00 €;-11.365,74 €;3.968.152,80 €
2021-01-20;2.975,04 €;15.928,66 €;400.000,00 €;-412.953,62 €;3.555.199,18 €
2021-01-21;2.907,57 €;13.258,63 €;0,00 €;-10.351,06 €;3.544.848,11 €
2021-01-22;2.659,54 €;15.048,56 €;0,00 €;-12.389,02 €;3.532.459,09 €
2021-01-23;3.611,27 €;15.220,98 €;0,00 €;-11.609,71 €;3.520.849,38 €
2021-01-24;2.922,74 €;14.295,25 €;0,00 €;-11.372,51 €;3.509.476,87 €
2021-01-25;2.785,84 €;15.653,19 €;0,00 €;-12.867,35 €;3.496.609,52 €
2021-01-26;2.823,93 €;13.829,35 €;0,00 €;-11.005,42 €;3.485.604,10 €
2021-01-27;3.266,15 €;15.764,73 €;0,00 €;-12.498,58 €;3.473.105,53 €
2021-01-28;3.182,72 €;15.827,79 €;350.000,00 €;-362.645,07 €;3.110.460,46 €
2021-01-29;3.206,37 €;10.624,26 €;0,00 €;-7.417,89 €;3.103.042,57 €
2021-01-30;3.215,41 €;16.785,46 €;0,00 €;-13.570,05 €;3.089.472,52 €
2021-01-31;4.070,82 €;10.428,55 €;0,00 €;-6.357,73 €;3.083.114,79 €
2021-02-01;429.679,25 €;14.075,93 €;0,00 €;415.603,32 €;3.498.718,11 €
2021-02-02;424.387,86 €;16.538,02 €;0,00 €;407.849,84 €;3.906.567,95 €
2021-02-03;409.311,36 €;14.524,07 €;0,00 €;394.787,29 €;4.301.355,25 €
2021-02-04;480.798,97 €;12.800,72 €;0,00 €;467.998,25 €;4.769.353,50 €
2021-02-05;506.448,61 €;13.359,39 €;1.200.000,00 €;-706.910,78 €;4.062.442,72 €
2021-02-06;2.943,03 €;16.540,36 €;0,00 €;-13.597,33 €;4.048.845,39 €
2021-02-07;2.579,92 €;12.117,74 €;0,00 €;-9.537,82 €;4.039.307,56 €
2021-02-08;2.587,76 €;16.693,49 €;0,00 €;-14.105,73 €;4.025.201,84 €
2021-02-09;3.325,30 €;14.917,35 €;0,00 €;-11.592,05 €;4.013.609,79 €
2021-02-10;3.371,63 €;13.211,41 €;0,00 €;-9.839,78 €;4.003.770,01 €
2021-02-11;3.271,58 €;14.125,33 €;0,00 €;-10.853,75 €;3.992.916,26 €
2021-02-12;2.667,25 €;13.474,16 €;0,00 €;-10.806,92 €;3.982.109,34 €
2021-02-13;3.116,08 €;16.299,34 €;0,00 €;-13.183,26 €;3.968.926,08 €
2021-02-14;3.058,34 €;16.098,64 €;0,00 €;-13.040,30 €;3.955.885,78 €
2021-02-15;3.109,34 €;12.421,26 €;0,00 €;-9.311,91 €;3.946.573,87 €
2021-02-16;3.435,71 €;14.394,61 €;0,00 €;-10.958,90 €;3.935.614,97 €
2021-02-17;3.111,80 €;13.705,22 €;0,00 €;-10.593,42 €;3.925.021,55 €
2021-02-18;3.339,46 €;16.940,26 €;0,00 €;-13.600,81 €;3.911.420,74 €
2021-02-19;3.033,79 €;12.974,85 €;0,00 €;-9.941,06 €;3.901.479,68 €
2021-02-20;3.144,56 €;17.406,34 €;0,00 €;-14.261,78 €;3.887.217,89 €
2021-02-21;3.315,64 €;14.950,06 €;0,00 €;-11.634,41 €;3.875.583,48 €
2021-02-22;2.271,42 €;13.257,10 €;0,00 €;-10.985,68 €;3.864.597,80 €
2021-02-23;2.840,16 €;13.984,09 €;0,00 €;-11.143,92 €;3.853.453,88 €
2021-02-24;2.764,81 €;13.797,57 €;0,00 €;-11.032,76 €;3.842.421,12 €
2021-02-25;2.680,56 €;13.088,07 €;0,00 €;-10.407,51 €;3.832.013,61 €
2021-02-26;2.862,43 €;15.142,24 €;0,00 €;-12.279,81 €;3.819.733,80 €
2021-02-27;3.747,47 €;13.158,13 €;0,00 €;-9.410,66 €;3.810.323,14 €
2021-02-28;2.567,08 €;11.729,45 €;350.000,00 €;-359.162,37 €;3.451.160,78 €
2021-03-01;498.413,92 €;14.430,49 €;0,00 €;483.983,43 €;3.935.144,21 €
2021-03-02;365.856,51 €;12.295,72 €;0,00 €;353.560,80 €;4.288.705,00 €
2021-03-03;433.255,75 €;13.871,76 €;0,00 €;419.383,99 €;4.708.088,99 €
2021-03-04;458.137,65 €;13.636,35 €;0,00 €;444.501,31 €;5.152.590,30 €
2021-03-05;479.311,12 €;13.693,18 €;1.200.000,00 €;-734.382,06 €;4.418.208,24 €
2021-03-06;3.355,61 €;18.001,44 €;0,00 €;-14.645,83 €;4.403.562,41 €
2021-03-07;3.396,67 €;15.084,62 €;0,00 €;-11.687,94 €;4.391.874,47 €
2021-03-08;2.825,64 €;15.368,06 €;0,00 €;-12.542,42 €;4.379.332,05 €
2021-03-09;2.768,82 €;12.335,40 €;0,00 €;-9.566,58 €;4.369.765,47 €
2021-03-10;3.428,99 €;14.019,06 €;0,00 €;-10.590,07 €;4.359.175,40 €
2021-03-11;2.904,35 €;15.322,95 €;0,00 €;-12.418,61 €;4.346.756,80 €
2021-03-12;2.362,16 €;13.463,21 €;0,00 €;-11.101,05 €;4.335.655,75 €
2021-03-13;2.433,36 €;16.362,09 €;0,00 €;-13.928,74 €;4.321.727,01 €
2021-03-14;2.540,27 €;13.195,96 €;0,00 €;-10.655,68 €;4.311.071,33 €
2021-03-15;3.248,58 €;14.570,45 €;0,00 €;-11.321,87 €;4.299.749,46 €
2021-03-16;3.071,21 €;14.120,92 €;0,00 €;-11.049,71 €;4.288.699,75 €
2021-03-17;3.345,24 €;15.246,48 €;0,00 €;-11.901,24 €;4.276.798,51 €
2021-03-18;2.786,37 €;14.039,26 €;0,00 €;-11.252,89 €;4.265.545,62 €
2021-03-19;3.079,27 €;14.593,66 €;0,00 €;-11.514,39 €;4.254.031,23 €
2021-03-20;3.312,80 €;14.645,80 €;0,00 €;-11.333,01 €;4.242.698,22 €
2021-03-21;2.845,33 €;13.898,42 €;0,00 €;-11.053,09 €;4.231.645,13 €
2021-03-22;3.228,39 €;15.727,64 €;0,00 €;-12.499,25 €;4.219.145,87 €
2021-03-23;2.669,04 €;15.357,58 €;0,00 €;-12.688,55 €;4.206.457,33 €
2021-03-24;2.818,47 €;14.867,08 €;0,00 €;-12.048,61 €;4.194.408,72 €
2021-03-25;2.809,13 €;14.354,31 €;0,00 €;-11.545,18 €;4.182.863,54 €
2021-03-26;2.402,08 €;16.194,82 €;0,00 €;-13.792,74 €;4.169.070,80 €
2021-03-27;3.243,49 €;14.646,25 €;0,00 €;-11.402,76 €;4.157.668,04 €
2021-03-28;2.765,30 €;14.539,95 €;350.000,00 €;-361.774,66 €;3.795.893,39 €
2021-03-29;3.006,25 €;15.157,04 €;0,00 €;-12.150,79 €;3.783.742,60 €
2021-03-30;3.240,37 €;17.544,88 €;0,00 €;-14.304,51 €;3.769.438,09 €
2021-03-31;3.223,27 €;12.989,47 €;0,00 €;-9.766,20 €;3.759.671,89 €
2021-04-01;483.269,26 €;16.154,79 €;0,00 €;467.114,47 €;4.226.786,36 €
2021-04-02;445.075,73 €;12.160,24 €;0,00 €;432.915,48 €;4.659.701,84 €
2021-04-03;428.835,08 €;15.325,91 €;0,00 €;413.509,17 €;5.073.211,02 €
2021-04-04;446.014,09 €;17.362,62 €;0,00 €;428.651,47 €;5.501.862,48 €
2021-04-05;365.633,28 €;15.733,00 €;1.200.000,00 €;-850.099,72 €;4.651.762,76 €
2021-04-06;2.276,44 €;15.255,94 €;0,00 €;-12.979,49 €;4.638.783,27 €
2021-04-07;2.338,65 €;14.159,33 €;0,00 €;-11.820,68 €;4.626.962,59 €
2021-04-08;2.501,38 €;15.046,57 €;0,00 €;-12.545,19 €;4.614.417,40 €
2021-04-09;3.199,89 €;14.621,91 €;0,00 €;-11.422,02 €;4.602.995,38 €
2021-04-10;2.547,26 €;13.821,04 €;0,00 €;-11.273,77 €;4.591.721,60 €
2021-04-11;2.810,92 €;14.565,19 €;0,00 €;-11.754,27 €;4.579.967,33 €
2021-04-12;3.649,61 €;15.297,57 €;0,00 €;-11.647,96 €;4.568.319,38 €
2021-04-13;2.821,87 €;13.849,17 €;0,00 €;-11.027,31 €;4.557.292,07 €
2021-04-14;3.368,76 €;13.790,58 €;0,00 €;-10.421,82 €;4.546.870,25 €
2021-04-15;2.533,19 €;12.959,63 €;0,00 €;-10.426,44 €;4.536.443,81 €
2021-04-16;2.897,28 €;15.586,09 €;0,00 €;-12.688,81 €;4.523.755,00 €
2021-04-17;2.524,99 €;15.817,98 €;0,00 €;-13.293,00 €;4.510.462,01 €
2021-04-18;2.830,48 €;15.347,49 €;0,00 €;-12.517,01 €;4.497.945,00 €
2021-04-19;3.420,15 €;16.447,76 €;0,00 €;-13.027,60 €;4.484.917,40 €
2021-04-20;2.136,34 €;15.131,80 €;400.000,00 €;-412.995,46 €;4.071.921,94 €
2021-04-21;3.217,21 €;15.588,02 €;0,00 €;-12.370,80 €;4.059.551,13 €
2021-04-22;3.118,87 €;15.455,76 €;0,00 €;-12.336,89 €;4.047.214,24 €
2021-04-23;2.702,93 €;14.862,69 €;0,00 €;-12.159,76 €;4.035.054,48 €
2021-04-24;2.276,97 €;14.203,77 €;0,00 €;-11.926,80 €;4.023.127,68 €
2021-04-25;3.036,06 €;18.321,23 €;0,00 €;-15.285,16 €;4.007.842,52 €
2021-04-26;2.735,25 €;14.322,07 €;0,00 €;-11.586,82 €;3.996.255,70 €
2021-04-27;3.116,34 €;14.001,18 €;0,00 €;-10.884,85 €;3.985.370,85 €
2021-04-28;3.010,93 €;15.651,01 €;350.000,00 €;-362.640,09 €;3.622.730,76 €
2021-04-29;3.800,89 €;15.377,78 €;0,00 €;-11.576,89 €;3.611.153,87 €
2021-04-30;2.880,32 €;12.892,81 €;0,00 €;-10.012,49 €;3.601.141,38 €
2021-05-01;398.825,13 €;16.684,02 €;0,00 €;382.141,11 €;3.983.282,49 €
2021-05-02;458.963,78 €;14.858,71 €;0,00 €;444.105,07 €;4.427.387,56 €
2021-05-03;460.999,83 €;13.333,60 €;0,00 €;447.666,23 €;4.875.053,79 €
2021-05-04;517.959,38 €;16.783,18 €;0,00 €;501.176,20 €;5.376.230,00 €
2021-05-05;491.755,56 €;15.938,51 €;1.200.000,00 €;-724.182,95 €;4.652.047,04 €
2021-05-06;3.178,44 €;13.103,19 €;0,00 €;-9.924,75 €;4.642.122,29 €
2021-05-07;3.731,65 €;17.665,77 €;0,00 €;-13.934,12 €;4.628.188,17 €
2021-05-08;2.405,62 €;15.988,20 €;0,00 €;-13.582,58 €;4.614.605,59 €
2021-05-09;2.680,12 €;14.984,71 €;0,00 €;-12.304,58 €;4.602.301,01 €
2021-05-10;2.536,71 €;17.385,33 €;0,00 €;-14.848,62 €;4.587.452,39 €
2021-05-11;2.805,10 €;15.238,95 €;0,00 €;-12.433,85 €;4.575.018,54 €
2021-05-12;2.311,66 €;14.957,88 €;0,00 €;-12.646,22 €;4.562.372,32 €
2021-05-13;3.317,58 €;14.009,55 €;0,00 €;-10.691,97 €;4.551.680,35 €
2021-05-14;2.888,89 €;15.872,78 €;0,00 €;-12.983,89 €;4.538.696,46 €
2021-05-15;2.264,60 €;15.714,90 €;0,00 €;-13.450,31 €;4.525.246,16 €
2021-05-16;2.492,21 €;15.022,02 €;0,00 €;-12.529,81 €;4.512.716,35 €
2021-05-17;3.156,76 €;13.815,02 €;0,00 €;-10.658,26 €;4.502.058,08 €
2021-05-18;3.419,06 €;15.194,89 €;0,00 €;-11.775,83 €;4.490.282,25 €
2021-05-19;3.998,37 €;14.895,30 €;0,00 €;-10.896,94 €;4.479.385,31 €
2021-05-20;4.456,93 €;12.999,79 €;0,00 €;-8.542,86 €;4.470.842,46 €
2021-05-21;3.207,20 €;12.792,28 €;0,00 €;-9.585,08 €;4.461.257,38 €
2021-05-22;2.505,23 €;15.847,73 €;0,00 €;-13.342,50 €;4.447.914,88 €
2021-05-23;1.933,98 €;11.097,17 €;0,00 €;-9.163,19 €;4.438.751,69 €
2021-05-24;3.133,86 €;15.308,12 €;0,00 €;-12.174,26 €;4.426.577,43 €
2021-05-25;2.593,53 €;14.282,88 €;0,00 €;-11.689,35 €;4.414.888,08 €
2021-05-26;2.792,32 €;16.962,37 €;0,00 €;-14.170,05 €;4.400.718,04 €
2021-05-27;2.693,95 €;14.259,80 €;0,00 €;-11.565,85 €;4.389.152,19 €
2021-05-28;2.929,60 €;15.989,23 €;350.000,00 €;-363.059,62 €;4.026.092,57 €
2021-05-29;3.532,99 €;14.404,63 €;0,00 €;-10.871,64 €;4.015.220,93 €
2021-05-30;3.078,52 €;15.170,62 €;0,00 €;-12.092,10 €;4.003.128,83 €
2021-05-31;2.920,68 €;16.105,25 €;0,00 €;-13.184,57 €;3.989.944,26 €
2021-06-01;398.217,31 €;14.306,17 €;0,00 €;383.911,15 €;4.373.855,40 €
2021-06-02;366.265,85 €;16.494,83 €;0,00 €;349.771,02 €;4.723.626,43 €
2021-06-03;425.684,60 €;13.509,45 €;0,00 €;412.175,15 €;5.135.801,58 €
2021-06-04;447.310,87 €;15.441,89 €;0,00 €;431.868,98 €;5.567.670,56 €
2021-06-05;538.396,50 €;16.383,96 €;1.200.000,00 €;-677.987,46 €;4.889.683,10 €
2021-06-06;3.065,14 €;15.990,06 €;0,00 €;-12.924,92 €;4.876.758,18 €
2021-06-07;3.491,37 €;17.874,67 €;0,00 €;-14.383,30 €;4.862.374,88 €
2021-06-08;2.750,35 €;13.854,84 €;0,00 €;-11.104,49 €;4.851.270,39 €
2021-06-09;2.407,53 €;12.931,28 €;0,00 €;-10.523,75 €;4.840.746,64 €
2021-06-10;2.517,44 €;13.508,50 €;0,00 €;-10.991,06 €;4.829.755,59 €
2021-06-11;2.637,39 €;15.990,66 €;0,00 €;-13.353,28 €;4.816.402,31 €
2021-06-12;4.064,23 €;15.746,88 €;0,00 €;-11.682,65 €;4.804.719,66 €
2021-06-13;2.589,31 €;15.153,38 €;0,00 €;-12.564,08 €;4.792.155,58 €
2021-06-14;3.419,24 €;13.315,56 €;0,00 €;-9.896,32 €;4.782.259,26 €
2021-06-15;2.548,54 €;16.150,30 €;0,00 €;-13.601,76 €;4.768.657,50 €
2021-06-16;3.465,79 €;13.162,94 €;0,00 €;-9.697,16 €;4.758.960,34 €
2021-06-17;3.192,48 €;16.738,42 €;0,00 €;-13.545,95 €;4.745.414,39 €
2021-06-18;2.921,68 €;19.286,16 €;0,00 €;-16.364,48 €;4.729.049,92 €
2021-06-19;2.979,62 €;15.549,68 €;0,00 €;-12.570,06 €;4.716.479,86 €
2021-06-20;2.672,61 €;15.874,66 €;0,00 €;-13.202,06 €;4.703.277,80 €
2021-06-21;3.223,04 €;14.260,71 €;0,00 €;-11.037,67 €;4.692.240,13 €
2021-06-22;2.772,51 €;12.284,68 €;0,00 €;-9.512,17 €;4.682.727,96 €
2021-06-23;2.387,20 €;14.095,92 €;0,00 €;-11.708,72 €;4.671.019,23 €
2021-06-24;2.361,03 €;13.360,66 €;0,00 €;-10.999,63 €;4.660.019,61 €
2021-06-25;3.086,29 €;12.829,49 €;0,00 €;-9.743,20 €;4.650.276,41 €
2021-06-26;3.789,55 €;17.583,54 €;0,00 €;-13.793,99 €;4.636.482,41 €
2021-06-27;3.080,00 €;15.409,29 €;0,00 €;-12.329,30 €;4.624.153,11 €
2021-06-28;2.940,68 €;15.569,53 €;350.000,00 €;-362.628,85 €;4.261.524,26 €
2021-06-29;3.142,91 €;14.536,47 €;0,00 €;-11.393,55 €;4.250.130,71 €
2021-06-30;3.653,00 €;14.740,69 €;1.000.000,00 €;-1.011.087,69 €;3.239.043,02 €
2021-07-01;66.755,06 €;26.929,10 €;0,00 €;39.825,96 €;3.278.868,98 €
2021-07-02;61.712,58 €;24.935,33 €;0,00 €;36.777,26 €;3.315.646,23 €
2021-07-03;106.062,89 €;26.061,39 €;0,00 €;80.001,50 €;3.395.647,73 €
2021-07-04;99.287,56 €;24.607,99 €;0,00 €;74.679,57 €;3.470.327,31 €
2021-07-05;77.286,05 €;24.315,69 €;1.200.000,00 €;-1.147.029,65 €;2.323.297,66 €
2021-07-06;66.465,88 €;22.186,17 €;0,00 €;44.279,70 €;2.367.577,36 €
2021-07-07;55.204,25 €;21.044,50 €;0,00 €;34.159,75 €;2.401.737,11 €
2021-07-08;54.054,73 €;24.476,88 €;0,00 €;29.577,85 €;2.431.314,96 €
2021-07-09;78.207,42 €;25.112,99 €;0,00 €;53.094,43 €;2.484.409,39 €
2021-07-10;112.236,66 €;22.427,74 €;0,00 €;89.808,92 €;2.574.218,31 €
2021-07-11;93.204,81 €;24.931,05 €;0,00 €;68.273,76 €;2.642.492,06 €
2021-07-12;61.934,50 €;25.107,51 €;0,00 €;36.827,00 €;2.679.319,06 €
2021-07-13;76.691,55 €;20.687,98 €;0,00 €;56.003,57 €;2.735.322,63 €
2021-07-14;56.143,63 €;23.169,75 €;0,00 €;32.973,88 €;2.768.296,51 €
2021-07-15;57.842,18 €;25.814,53 €;0,00 €;32.027,66 €;2.800.324,17 €
2021-07-16;70.146,61 €;25.774,12 €;0,00 €;44.372,50 €;2.844.696,67 €
2021-07-17;91.053,95 €;22.692,65 €;0,00 €;68.361,30 €;2.913.057,97 €
2021-07-18;94.948,78 €;25.316,90 €;0,00 €;69.631,89 €;2.982.689,85 €
2021-07-19;63.692,46 €;27.044,81 €;0,00 €;36.647,64 €;3.019.337,49 €
2021-07-20;67.700,60 €;26.554,15 €;400.000,00 €;-358.853,55 €;2.660.483,94 €
2021-07-21;76.259,85 €;24.809,43 €;0,00 €;51.450,43 €;2.711.934,37 €
2021-07-22;65.724,68 €;24.064,05 €;0,00 €;41.660,63 €;2.753.595,00 €
2021-07-23;70.151,51 €;23.741,31 €;0,00 €;46.410,20 €;2.800.005,20 €
2021-07-24;74.498,28 €;25.935,64 €;0,00 €;48.562,64 €;2.848.567,84 €
2021-07-25;94.512,82 €;25.390,21 €;0,00 €;69.122,61 €;2.917.690,45 €
2021-07-26;58.254,16 €;26.258,81 €;0,00 €;31.995,35 €;2.949.685,80 €
2021-07-27;55.249,50 €;25.263,75 €;0,00 €;29.985,75 €;2.979.671,55 €
2021-07-28;57.974,78 €;26.637,53 €;350.000,00 €;-318.662,75 €;2.661.008,80 €
2021-07-29;62.327,01 €;25.189,19 €;0,00 €;37.137,83 €;2.698.146,63 €
2021-07-30;72.327,22 €;26.569,38 €;0,00 €;45.757,84 €;2.743.904,47 €
2021-07-31;81.736,07 €;26.741,65 €;0,00 €;54.994,43 €;2.798.898,90 €
2021-08-01;95.306,31 €;23.390,95 €;0,00 €;71.915,37 €;2.870.814,27 €
2021-08-02;61.126,64 €;21.383,71 €;0,00 €;39.742,93 €;2.910.557,20 €
2021-08-03;62.378,62 €;28.086,99 €;0,00 €;34.291,63 €;2.944.848,83 €
2021-08-04;73.022,06 €;25.513,32 €;0,00 €;47.508,75 €;2.992.357,57 €
2021-08-05;69.304,92 €;21.571,03 €;1.200.000,00 €;-1.152.266,10 €;1.840.091,47 €
2021-08-06;75.699,18 €;23.572,36 €;0,00 €;52.126,82 €;1.892.218,29 €
2021-08-07;93.454,94 €;26.543,75 €;0,00 €;66.911,19 €;1.959.129,49 €
2021-08-08;88.040,57 €;24.440,65 €;0,00 €;63.599,93 €;2.022.729,41 €
2021-08-09;63.209,13 €;23.975,88 €;0,00 €;39.233,25 €;2.061.962,67 €
2021-08-10;66.939,97 €;27.801,76 €;0,00 €;39.138,21 €;2.101.100,88 €
2021-08-11;66.412,59 €;22.905,43 €;0,00 €;43.507,16 €;2.144.608,04 €
2021-08-12;56.324,90 €;23.403,69 €;0,00 €;32.921,20 €;2.177.529,24 €
2021-08-13;65.723,92 €;25.422,77 €;0,00 €;40.301,15 €;2.217.830,39 €
2021-08-14;97.282,28 €;25.780,91 €;0,00 €;71.501,37 €;2.289.331,76 €
2021-08-15;120.174,74 €;25.992,69 €;0,00 €;94.182,05 €;2.383.513,81 €
2021-08-16;80.014,76 €;26.822,48 €;0,00 €;53.192,28 €;2.436.706,09 €
2021-08-17;58.174,05 €;25.397,16 €;0,00 €;32.776,90 €;2.469.482,99 €
2021-08-18;62.700,93 €;25.978,77 €;0,00 €;36.722,17 €;2.506.205,16 €
2021-08-19;53.292,46 €;24.481,58 €;0,00 €;28.810,88 €;2.535.016,04 €
2021-08-20;60.274,34 €;25.125,40 €;0,00 €;35.148,95 €;2.570.164,99 €
2021-08-21;98.156,05 €;25.215,07 €;0,00 €;72.940,98 €;2.643.105,97 €
2021-08-22;107.058,54 €;25.430,20 €;0,00 €;81.628,34 €;2.724.734,31 €
2021-08-23;59.167,33 €;26.545,08 €;0,00 €;32.622,25 €;2.757.356,56 €
2021-08-24;59.766,83 €;26.110,29 €;0,00 €;33.656,54 €;2.791.013,09 €
2021-08-25;47.821,69 €;25.088,43 €;0,00 €;22.733,25 €;2.813.746,35 €
2021-08-26;63.698,67 €;23.381,75 €;0,00 €;40.316,92 €;2.854.063,27 €
2021-08-27;56.500,68 €;25.135,34 €;0,00 €;31.365,34 €;2.885.428,61 €
2021-08-28;89.705,61 €;24.943,96 €;350.000,00 €;-285.238,36 €;2.600.190,26 €
2021-08-29;86.231,39 €;25.386,36 €;0,00 €;60.845,03 €;2.661.035,29 €
2021-08-30;64.245,90 €;29.413,05 €;0,00 €;34.832,85 €;2.695.868,13 €
2021-08-31;50.938,17 €;23.952,45 €;0,00 €;26.985,72 €;2.722.853,85 €
2021-09-01;376.647,74 €;15.633,43 €;0,00 €;361.014,30 €;3.083.868,16 €
2021-09-02;556.462,36 €;16.602,69 €;0,00 €;539.859,66 €;3.623.727,82 €
2021-09-03;385.628,87 €;15.147,00 €;0,00 €;370.481,87 €;3.994.209,69 €
2021-09-04;395.160,72 €;18.506,77 €;0,00 €;376.653,95 €;4.370.863,64 €
2021-09-05;541.845,68 €;14.432,94 €;1.200.000,00 €;-672.587,26 €;3.698.276,38 €
2021-09-06;4.452,53 €;15.486,13 €;0,00 €;-11.033,60 €;3.687.242,78 €
2021-09-07;2.414,22 €;13.801,79 €;0,00 €;-11.387,57 €;3.675.855,20 €
2021-09-08;2.815,88 €;14.472,71 €;0,00 €;-11.656,84 €;3.664.198,36 €
2021-09-09;3.170,78 €;15.373,40 €;0,00 €;-12.202,62 €;3.651.995,74 €
2021-09-10;3.864,35 €;16.269,46 €;0,00 €;-12.405,11 €;3.639.590,63 €
2021-09-11;2.506,57 €;15.478,64 €;0,00 €;-12.972,07 €;3.626.618,56 €
2021-09-12;2.877,36 €;16.888,67 €;0,00 €;-14.011,31 €;3.612.607,25 €
2021-09-13;3.388,67 €;14.857,55 €;0,00 €;-11.468,88 €;3.601.138,37 €
2021-09-14;3.217,38 €;14.501,75 €;0,00 €;-11.284,36 €;3.589.854,00 €
2021-09-15;2.811,92 €;19.055,98 €;0,00 €;-16.244,06 €;3.573.609,95 €
2021-09-16;2.933,09 €;15.591,36 €;0,00 €;-12.658,27 €;3.560.951,68 €
2021-09-17;2.312,55 €;13.920,78 €;0,00 €;-11.608,23 €;3.549.343,45 €
2021-09-18;2.880,91 €;13.958,60 €;0,00 €;-11.077,69 €;3.538.265,76 €
2021-09-19;2.866,81 €;13.585,98 €;0,00 €;-10.719,17 €;3.527.546,59 €
2021-09-20;3.116,08 €;16.404,85 €;0,00 €;-13.288,77 €;3.514.257,82 €
2021-09-21;2.722,34 €;14.453,43 €;0,00 €;-11.731,10 €;3.502.526,72 €
2021-09-22;3.235,77 €;15.191,04 €;0,00 €;-11.955,27 €;3.490.571,45 €
2021-09-23;3.506,36 €;14.904,74 €;0,00 €;-11.398,38 €;3.479.173,07 €
2021-09-24;3.077,71 €;16.097,24 €;0,00 €;-13.019,52 €;3.466.153,55 €
2021-09-25;3.175,88 €;13.729,88 €;0,00 €;-10.554,01 €;3.455.599,54 €
2021-09-26;3.026,58 €;13.386,64 €;0,00 €;-10.360,06 €;3.445.239,48 €
2021-09-27;3.000,04 €;15.336,45 €;0,00 €;-12.336,40 €;3.432.903,07 €
2021-09-28;2.639,22 €;15.901,44 €;350.000,00 €;-363.262,22 €;3.069.640,85 €
2021-09-29;3.158,25 €;15.498,80 €;0,00 €;-12.340,55 €;3.057.300,30 €
2021-09-30;2.951,36 €;13.785,82 €;0,00 €;-10.834,46 €;3.046.465,84 €
2021-10-01;554.658,42 €;16.016,23 €;0,00 €;538.642,19 €;3.585.108,03 €
2021-10-02;528.667,75 €;13.884,21 €;0,00 €;514.783,54 €;4.099.891,56 €
2021-10-03;469.292,33 €;14.217,69 €;0,00 €;455.074,64 €;4.554.966,20 €
2021-10-04;411.847,14 €;13.584,07 €;0,00 €;398.263,07 €;4.953.229,27 €
2021-10-05;394.379,43 €;16.951,74 €;1.200.000,00 €;-822.572,31 €;4.130.656,96 €
2021-10-06;3.595,57 €;15.950,13 €;0,00 €;-12.354,56 €;4.118.302,40 €
2021-10-07;3.131,37 €;15.907,49 €;0,00 €;-12.776,12 €;4.105.526,28 €
2021-10-08;3.240,07 €;16.870,82 €;0,00 €;-13.630,75 €;4.091.895,54 €
2021-10-09;2.127,71 €;19.218,97 €;0,00 €;-17.091,27 €;4.074.804,27 €
2021-10-10;3.463,72 €;12.436,16 €;0,00 €;-8.972,44 €;4.065.831,83 €
2021-10-11;3.227,21 €;13.892,44 €;0,00 €;-10.665,22 €;4.055.166,60 €
2021-10-12;2.444,78 €;14.075,74 €;0,00 €;-11.630,95 €;4.043.535,65 €
2021-10-13;2.764,24 €;13.723,77 €;0,00 €;-10.959,53 €;4.032.576,12 €
2021-10-14;3.131,86 €;13.383,63 €;0,00 €;-10.251,77 €;4.022.324,35 €
2021-10-15;3.026,23 €;14.550,52 €;0,00 €;-11.524,29 €;4.010.800,06 €
2021-10-16;2.853,91 €;13.175,09 €;0,00 €;-10.321,18 €;4.000.478,88 €
2021-10-17;2.948,26 €;15.502,56 €;0,00 €;-12.554,31 €;3.987.924,58 €
2021-10-18;2.874,01 €;15.077,55 €;0,00 €;-12.203,54 €;3.975.721,04 €
2021-10-19;3.076,28 €;15.721,54 €;0,00 €;-12.645,26 €;3.963.075,78 €
2021-10-20;3.735,75 €;15.761,59 €;400.000,00 €;-412.025,85 €;3.551.049,93 €
2021-10-21;1.716,67 €;15.904,51 €;0,00 €;-14.187,84 €;3.536.862,09 €
2021-10-22;2.881,57 €;14.439,89 €;0,00 €;-11.558,31 €;3.525.303,78 €
2021-10-23;3.088,26 €;18.181,72 €;0,00 €;-15.093,46 €;3.510.210,32 €
2021-10-24;3.148,00 €;15.351,65 €;0,00 €;-12.203,65 €;3.498.006,67 €
2021-10-25;2.814,04 €;12.206,27 €;0,00 €;-9.392,23 €;3.488.614,44 €
2021-10-26;2.121,64 €;13.496,44 €;0,00 €;-11.374,80 €;3.477.239,65 €
2021-10-27;3.164,00 €;12.389,25 €;0,00 €;-9.225,25 €;3.468.014,40 €
2021-10-28;3.863,68 €;15.026,00 €;350.000,00 €;-361.162,33 €;3.106.852,07 €
2021-10-29;2.233,07 €;14.817,29 €;0,00 €;-12.584,22 €;3.094.267,85 €
2021-10-30;3.431,91 €;14.297,36 €;0,00 €;-10.865,45 €;3.083.402,40 €
2021-10-31;2.835,74 €;18.016,39 €;0,00 €;-15.180,65 €;3.068.221,75 €
2021-11-01;446.933,78 €;15.823,47 €;0,00 €;431.110,31 €;3.499.332,06 €
2021-11-02;397.355,07 €;16.089,15 €;0,00 €;381.265,93 €;3.880.597,98 €
2021-11-03;433.277,19 €;13.603,39 €;0,00 €;419.673,80 €;4.300.271,79 €
2021-11-04;515.002,23 €;13.501,28 €;0,00 €;501.500,95 €;4.801.772,73 €
2021-11-05;479.132,76 €;15.055,21 €;1.200.000,00 €;-735.922,45 €;4.065.850,29 €
2021-11-06;3.866,16 €;15.259,51 €;0,00 €;-11.393,35 €;4.054.456,93 €
2021-11-07;3.588,71 €;12.215,53 €;0,00 €;-8.626,83 €;4.045.830,10 €
2021-11-08;3.219,54 €;14.729,54 €;0,00 €;-11.510,00 €;4.034.320,11 €
2021-11-09;3.871,97 €;15.021,11 €;0,00 €;-11.149,14 €;4.023.170,97 €
2021-11-10;3.219,50 €;14.677,28 €;0,00 €;-11.457,78 €;4.011.713,19 €
2021-11-11;3.413,99 €;13.779,91 €;0,00 €;-10.365,92 €;4.001.347,27 €
2021-11-12;2.851,71 €;14.190,70 €;0,00 €;-11.338,98 €;3.990.008,28 €
2021-11-13;3.033,27 €;14.734,71 €;0,00 €;-11.701,44 €;3.978.306,85 €
2021-11-14;2.651,29 €;15.136,20 €;0,00 €;-12.484,91 €;3.965.821,93 €
2021-11-15;3.494,79 €;15.907,19 €;0,00 €;-12.412,40 €;3.953.409,54 €
2021-11-16;2.410,85 €;16.621,28 €;0,00 €;-14.210,44 €;3.939.199,10 €
2021-11-17;3.391,18 €;14.558,48 €;0,00 €;-11.167,30 €;3.928.031,80 €
2021-11-18;2.904,67 €;14.315,77 €;0,00 €;-11.411,09 €;3.916.620,71 €
2021-11-19;3.585,62 €;15.656,48 €;0,00 €;-12.070,86 €;3.904.549,85 €
2021-11-20;3.375,43 €;15.916,27 €;0,00 €;-12.540,83 €;3.892.009,02 €
2021-11-21;3.910,32 €;14.348,70 €;0,00 €;-10.438,38 €;3.881.570,64 €
2021-11-22;3.365,39 €;16.185,59 €;0,00 €;-12.820,20 €;3.868.750,44 €
2021-11-23;2.213,98 €;16.469,38 €;0,00 €;-14.255,40 €;3.854.495,04 €
2021-11-24;2.966,52 €;16.937,53 €;0,00 €;-13.971,01 €;3.840.524,03 €
2021-11-25;2.414,00 €;17.667,48 €;0,00 €;-15.253,48 €;3.825.270,55 €
2021-11-26;2.740,86 €;13.700,38 €;0,00 €;-10.959,52 €;3.814.311,03 €
2021-11-27;3.755,61 €;15.020,85 €;0,00 €;-11.265,23 €;3.803.045,80 €
2021-11-28;3.318,77 €;15.016,92 €;350.000,00 €;-361.698,15 €;3.441.347,65 €
2021-11-29;2.650,53 €;14.852,89 €;0,00 €;-12.202,35 €;3.429.145,29 €
2021-11-30;2.493,14 €;14.026,11 €;0,00 €;-11.532,96 €;3.417.612,33 €
2021-12-01;451.639,10 €;12.771,66 €;0,00 €;438.867,45 €;3.856.479,78 €
2021-12-02;389.171,99 €;15.139,02 €;0,00 €;374.032,97 €;4.230.512,75 €
2021-12-03;416.442,99 €;13.847,47 €;0,00 €;402.595,52 €;4.633.108,27 €
2021-12-04;465.600,47 €;15.128,99 €;0,00 €;450.471,48 €;5.083.579,75 €
2021-12-05;507.765,60 €;13.808,93 €;1.200.000,00 €;-706.043,33 €;4.377.536,42 €
2021-12-06;3.304,38 €;13.350,51 €;0,00 €;-10.046,13 €;4.367.490,29 €
2021-12-07;1.854,36 €;15.351,45 €;0,00 €;-13.497,09 €;4.353.993,20 €
2021-12-08;3.152,18 €;15.226,38 €;0,00 €;-12.074,20 €;4.341.919,00 €
2021-12-09;3.036,02 €;15.868,92 €;0,00 €;-12.832,91 €;4.329.086,09 €
2021-12-10;3.206,95 €;18.278,80 €;0,00 €;-15.071,85 €;4.314.014,24 €
2021-12-11;3.808,10 €;15.415,93 €;0,00 €;-11.607,83 €;4.302.406,41 €
2021-12-12;1.968,38 €;15.727,62 €;0,00 €;-13.759,24 €;4.288.647,17 €
2021-12-13;2.704,45 €;13.383,66 €;0,00 €;-10.679,21 €;4.277.967,96 €
2021-12-14;3.295,45 €;13.069,64 €;0,00 €;-9.774,19 €;4.268.193,77 €
2021-12-15;2.209,20 €;17.374,24 €;0,00 €;-15.165,04 €;4.253.028,73 €
2021-12-16;3.737,97 €;13.614,78 €;0,00 €;-9.876,81 €;4.243.151,93 €
2021-12-17;3.184,18 €;13.434,08 €;0,00 €;-10.249,91 €;4.232.902,02 €
2021-12-18;3.423,29 €;14.941,35 €;0,00 €;-11.518,06 €;4.221.383,96 €
2021-12-19;2.714,53 €;14.864,71 €;0,00 €;-12.150,18 €;4.209.233,78 €
2021-12-20;3.406,88 €;13.646,24 €;0,00 €;-10.239,36 €;4.198.994,42 €
2021-12-21;3.534,24 €;14.542,54 €;0,00 €;-11.008,30 €;4.187.986,12 €
2021-12-22;3.116,44 €;16.844,06 €;0,00 €;-13.727,62 €;4.174.258,49 €
2021-12-23;3.117,20 €;13.791,01 €;0,00 €;-10.673,81 €;4.163.584,68 €
2021-12-24;3.135,17 €;12.909,49 €;0,00 €;-9.774,32 €;4.153.810,36 €
2021-12-25;2.568,33 €;16.413,89 €;0,00 €;-13.845,56 €;4.139.964,80 €
2021-12-26;2.926,24 €;15.738,45 €;0,00 €;-12.812,21 €;4.127.152,59 €
2021-12-27;2.923,74 €;14.069,22 €;0,00 €;-11.145,48 €;4.116.007,11 €
2021-12-28;3.191,70 €;12.626,75 €;350.000,00 €;-359.435,05 €;3.756.572,05 €
2021-12-29;3.499,91 €;13.883,06 €;0,00 €;-10.383,15 €;3.746.188,90 €
2021-12-30;2.470,73 €;14.917,94 €;0,00 €;-12.447,21 €;3.733.741,69 €
2021-12-31;2.937,50 €;16.748,51 €;0,00 €;-13.811,01 €;3.719.930,68 €
2022-01-01;532.172,78 €;13.625,13 €;0,00 €;518.547,65 €;4.238.478,33 €
2022-01-02;420.920,59 €;15.053,22 €;0,00 €;405.867,37 €;4.644.345,70 €
2022-01-03;416.987,50 €;16.192,72 €;0,00 €;400.794,78 €;5.045.140,48 €
2022-01-04;468.215,31 €;11.608,10 €;0,00 €;456.607,21 €;5.501.747,69 €
2022-01-05;500.319,26 €;16.730,68 €;1.200.000,00 €;-716.411,42 €;4.785.336,27 €
2022-01-06;3.059,71 €;13.406,32 €;0,00 €;-10.346,61 €;4.774.989,66 €
2022-01-07;3.718,48 €;15.677,99 €;0,00 €;-11.959,51 €;4.763.030,14 €
2022-01-08;3.482,40 €;15.550,02 €;0,00 €;-12.067,63 €;4.750.962,52 €
2022-01-09;3.474,91 €;16.806,88 €;0,00 €;-13.331,97 €;4.737.630,55 €
2022-01-10;3.331,06 €;16.006,39 €;0,00 €;-12.675,33 €;4.724.955,22 €
2022-01-11;4.217,83 €;11.614,06 €;0,00 €;-7.396,24 €;4.717.558,98 €
2022-01-12;2.951,42 €;14.002,83 €;0,00 €;-11.051,41 €;4.706.507,57 €
2022-01-13;2.052,24 €;15.387,31 €;0,00 €;-13.335,07 €;4.693.172,50 €
2022-01-14;3.856,13 €;14.887,53 €;0,00 €;-11.031,40 €;4.682.141,10 €
2022-01-15;2.825,15 €;15.896,42 €;0,00 €;-13.071,27 €;4.669.069,83 €
2022-01-16;3.107,94 €;16.364,05 €;0,00 €;-13.256,11 €;4.655.813,72 €
2022-01-17;3.708,78 €;16.092,68 €;0,00 €;-12.383,90 €;4.643.429,82 €
2022-01-18;2.252,87 €;14.858,59 €;0,00 €;-12.605,72 €;4.630.824,10 €
2022-01-19;2.428,18 €;12.410,49 €;0,00 €;-9.982,32 €;4.620.841,78 €
2022-01-20;2.253,36 €;14.496,78 €;400.000,00 €;-412.243,42 €;4.208.598,37 €
2022-01-21;2.656,93 €;15.804,55 €;0,00 €;-13.147,62 €;4.195.450,75 €
2022-01-22;3.273,82 €;13.544,33 €;0,00 €;-10.270,51 €;4.185.180,24 €
2022-01-23;3.316,09 €;16.126,91 €;0,00 €;-12.810,82 €;4.172.369,42 €
2022-01-24;3.192,14 €;16.542,59 €;0,00 €;-13.350,45 €;4.159.018,97 €
2022-01-25;2.347,62 €;15.370,30 €;0,00 €;-13.022,68 €;4.145.996,28 €
2022-01-26;1.898,95 €;10.584,33 €;0,00 €;-8.685,38 €;4.137.310,90 €
2022-01-27;3.081,18 €;13.262,87 €;0,00 €;-10.181,69 €;4.127.129,21 €
2022-01-28;2.818,11 €;18.009,28 €;350.000,00 €;-365.191,17 €;3.761.938,04 €
2022-01-29;3.283,69 €;14.360,19 €;0,00 €;-11.076,50 €;3.750.861,54 €
2022-01-30;3.404,98 €;12.203,79 €;0,00 €;-8.798,81 €;3.742.062,73 €
2022-01-31;3.123,12 €;17.032,87 €;0,00 €;-13.909,75 €;3.728.152,98 €
2022-02-01;496.106,65 €;15.200,03 €;0,00 €;480.906,62 €;4.209.059,60 €
2022-02-02;469.560,57 €;16.837,41 €;0,00 €;452.723,16 €;4.661.782,76 €
2022-02-03;484.603,24 €;15.595,44 €;0,00 €;469.007,80 €;5.130.790,55 €
2022-02-04;422.866,34 €;15.867,84 €;0,00 €;406.998,50 €;5.537.789,05 €
2022-02-05;449.119,43 €;15.724,51 €;1.200.000,00 €;-766.605,08 €;4.771.183,97 €
2022-02-06;3.152,39 €;16.226,23 €;0,00 €;-13.073,84 €;4.758.110,12 €
2022-02-07;3.464,26 €;18.596,15 €;0,00 €;-15.131,88 €;4.742.978,24 €
2022-02-08;2.857,13 €;16.636,51 €;0,00 €;-13.779,38 €;4.729.198,86 €
2022-02-09;3.314,58 €;12.809,49 €;0,00 €;-9.494,91 €;4.719.703,95 €
2022-02-10;2.921,08 €;15.849,99 €;0,00 €;-12.928,91 €;4.706.775,04 €
2022-02-11;2.995,23 €;16.892,22 €;0,00 €;-13.896,99 €;4.692.878,05 €
2022-02-12;3.468,76 €;16.984,05 €;0,00 €;-13.515,29 €;4.679.362,76 €
2022-02-13;2.057,47 €;14.540,09 €;0,00 €;-12.482,62 €;4.666.880,14 €
2022-02-14;2.405,76 €;16.927,42 €;0,00 €;-14.521,65 €;4.652.358,48 €
2022-02-15;2.312,91 €;16.571,61 €;0,00 €;-14.258,71 €;4.638.099,78 €
2022-02-16;1.887,19 €;19.038,78 €;0,00 €;-17.151,58 €;4.620.948,19 €
2022-02-17;2.714,87 €;14.055,00 €;0,00 €;-11.340,13 €;4.609.608,06 €
2022-02-18;3.428,72 €;14.418,90 €;0,00 €;-10.990,18 €;4.598.617,88 €
2022-02-19;2.911,56 €;14.720,82 €;0,00 €;-11.809,26 €;4.586.808,62 €
2022-02-20;3.152,90 €;14.444,67 €;0,00 €;-11.291,77 €;4.575.516,85 €
2022-02-21;3.598,61 €;13.844,97 €;0,00 €;-10.246,36 €;4.565.270,49 €
2022-02-22;3.717,84 €;11.035,99 €;0,00 €;-7.318,14 €;4.557.952,34 €
2022-02-23;3.019,43 €;14.527,95 €;0,00 €;-11.508,52 €;4.546.443,82 €
2022-02-24;3.730,79 €;15.734,04 €;0,00 €;-12.003,24 €;4.534.440,58 €
2022-02-25;3.100,06 €;14.440,17 €;0,00 €;-11.340,10 €;4.523.100,47 €
2022-02-26;2.635,30 €;18.083,07 €;0,00 €;-15.447,77 €;4.507.652,70 €
2022-02-27;2.756,80 €;15.200,06 €;0,00 €;-12.443,26 €;4.495.209,44 €
2022-02-28;2.313,73 €;17.116,54 €;350.000,00 €;-364.802,81 €;4.130.406,63 €
2022-03-01;413.693,31 €;15.572,13 €;0,00 €;398.121,18 €;4.528.527,80 €
2022-03-02;440.199,17 €;16.419,61 €;0,00 €;423.779,55 €;4.952.307,36 €
2022-03-03;498.279,25 €;15.598,86 €;0,00 €;482.680,39 €;5.434.987,75 €
2022-03-04;544.138,49 €;17.233,18 €;0,00 €;526.905,31 €;5.961.893,06 €
2022-03-05;388.990,92 €;15.263,91 €;1.200.000,00 €;-826.272,98 €;5.135.620,08 €
2022-03-06;3.250,41 €;15.924,18 €;0,00 €;-12.673,77 €;5.122.946,31 €
2022-03-07;2.533,73 €;15.729,50 €;0,00 €;-13.195,77 €;5.109.750,54 €
2022-03-08;3.291,35 €;14.747,57 €;0,00 €;-11.456,22 €;5.098.294,32 €
2022-03-09;2.988,46 €;15.787,47 €;0,00 €;-12.799,02 €;5.085.495,30 €
2022-03-10;2.138,55 €;18.531,58 €;0,00 €;-16.393,03 €;5.069.102,27 €
2022-03-11;3.518,15 €;14.774,40 €;0,00 €;-11.256,26 €;5.057.846,01 €
2022-03-12;2.751,50 €;15.809,20 €;0,00 €;-13.057,70 €;5.044.788,31 €
2022-03-13;2.787,05 €;17.066,67 €;0,00 €;-14.279,62 €;5.030.508,69 €
2022-03-14;2.519,12 €;16.890,38 €;0,00 €;-14.371,26 €;5.016.137,44 €
2022-03-15;2.726,86 €;15.197,57 €;0,00 €;-12.470,72 €;5.003.666,72 €
2022-03-16;3.267,95 €;11.604,92 €;0,00 €;-8.336,97 €;4.995.329,75 €
2022-03-17;2.959,38 €;15.955,05 €;0,00 €;-12.995,68 €;4.982.334,07 €
2022-03-18;3.218,33 €;11.850,79 €;0,00 €;-8.632,46 €;4.973.701,62 €
2022-03-19;3.234,96 €;17.384,91 €;0,00 €;-14.149,94 €;4.959.551,67 €
2022-03-20;3.714,33 €;15.434,21 €;0,00 €;-11.719,88 €;4.947.831,79 €
2022-03-21;2.882,61 €;16.679,51 €;0,00 €;-13.796,90 €;4.934.034,89 €
2022-03-22;2.315,57 €;13.826,83 €;0,00 €;-11.511,26 €;4.922.523,62 €
2022-03-23;3.587,61 €;12.851,24 €;0,00 €;-9.263,63 €;4.913.260,00 €
2022-03-24;2.888,26 €;15.571,13 €;0,00 €;-12.682,88 €;4.900.577,12 €
2022-03-25;3.611,30 €;15.129,59 €;0,00 €;-11.518,30 €;4.889.058,82 €
2022-03-26;3.245,69 €;14.442,69 €;0,00 €;-11.197,00 €;4.877.861,82 €
2022-03-27;2.988,43 €;15.306,99 €;0,00 €;-12.318,56 €;4.865.543,26 €
2022-03-28;3.228,39 €;19.331,15 €;350.000,00 €;-366.102,77 €;4.499.440,50 €
2022-03-29;4.029,51 €;16.431,79 €;0,00 €;-12.402,28 €;4.487.038,21 €
2022-03-30;4.092,49 €;16.754,25 €;0,00 €;-12.661,76 €;4.474.376,46 €
2022-03-31;3.088,69 €;16.445,91 €;0,00 €;-13.357,21 €;4.461.019,24 €
2022-04-01;466.109,53 €;17.399,19 €;0,00 €;448.710,34 €;4.909.729,58 €
2022-04-02;511.912,01 €;14.894,89 €;0,00 €;497.017,12 €;5.406.746,69 €
2022-04-03;415.816,95 €;12.097,86 €;0,00 €;403.719,09 €;5.810.465,78 €
2022-04-04;474.753,52 €;14.897,12 €;0,00 €;459.856,40 €;6.270.322,18 €
2022-04-05;456.806,86 €;16.397,60 €;1.200.000,00 €;-759.590,75 €;5.510.731,44 €
2022-04-06;3.210,95 €;13.725,30 €;0,00 €;-10.514,35 €;5.500.217,09 €
2022-04-07;2.637,32 €;14.915,45 €;0,00 €;-12.278,14 €;5.487.938,96 €
2022-04-08;2.259,22 €;14.142,35 €;0,00 €;-11.883,13 €;5.476.055,83 €
2022-04-09;2.017,51 €;17.433,04 €;0,00 €;-15.415,54 €;5.460.640,29 €
2022-04-10;2.495,31 €;16.304,19 €;0,00 €;-13.808,88 €;5.446.831,41 €
2022-04-11;2.824,66 €;16.157,31 €;0,00 €;-13.332,65 €;5.433.498,76 €
2022-04-12;2.907,40 €;16.112,40 €;0,00 €;-13.205,00 €;5.420.293,77 €
2022-04-13;4.022,62 €;15.124,13 €;0,00 €;-11.101,51 €;5.409.192,26 €
2022-04-14;3.607,00 €;15.476,33 €;0,00 €;-11.869,34 €;5.397.322,92 €
2022-04-15;2.572,95 €;13.402,22 €;0,00 €;-10.829,27 €;5.386.493,65 €
2022-04-16;3.227,85 €;11.900,34 €;0,00 €;-8.672,48 €;5.377.821,17 €
2022-04-17;2.850,46 €;15.405,12 €;0,00 €;-12.554,66 €;5.365.266,51 €
2022-04-18;2.911,82 €;15.665,99 €;0,00 €;-12.754,17 €;5.352.512,34 €
2022-04-19;3.146,66 €;16.993,90 €;0,00 €;-13.847,23 €;5.338.665,10 €
2022-04-20;3.363,59 €;17.537,00 €;400.000,00 €;-414.173,42 €;4.924.491,69 €
2022-04-21;2.884,37 €;17.535,00 €;0,00 €;-14.650,63 €;4.909.841,06 €
2022-04-22;3.585,93 €;13.682,96 €;0,00 €;-10.097,04 €;4.899.744,02 €
2022-04-23;2.483,03 €;14.651,60 €;0,00 €;-12.168,57 €;4.887.575,45 €
2022-04-24;3.057,17 €;15.900,50 €;0,00 €;-12.843,33 €;4.874.732,12 €
2022-04-25;4.352,84 €;18.977,86 €;0,00 €;-14.625,02 €;4.860.107,10 €
2022-04-26;3.165,54 €;17.400,15 €;0,00 €;-14.234,61 €;4.845.872,49 €
2022-04-27;3.770,61 €;16.859,10 €;0,00 €;-13.088,49 €;4.832.784,00 €
2022-04-28;3.099,76 €;14.598,32 €;350.000,00 €;-361.498,56 €;4.471.285,44 €
2022-04-29;3.344,39 €;13.855,20 €;0,00 €;-10.510,81 €;4.460.774,63 €
2022-04-30;3.025,61 €;16.363,36 €;0,00 €;-13.337,75 €;4.447.436,88 €
2022-05-01;449.579,62 €;13.529,01 €;0,00 €;436.050,61 €;4.883.487,49 €
2022-05-02;419.125,88 €;14.822,35 €;0,00 €;404.303,53 €;5.287.791,02 €
2022-05-03;479.615,07 €;15.007,83 €;0,00 €;464.607,23 €;5.752.398,26 €
2022-05-04;415.523,14 €;17.569,37 €;0,00 €;397.953,77 €;6.150.352,03 €
2022-05-05;491.379,26 €;14.647,95 €;1.200.000,00 €;-723.268,69 €;5.427.083,34 €
2022-05-06;3.596,64 €;11.521,13 €;0,00 €;-7.924,48 €;5.419.158,86 €
2022-05-07;3.237,27 €;15.936,67 €;0,00 €;-12.699,40 €;5.406.459,46 €
2022-05-08;2.910,88 €;14.131,47 €;0,00 €;-11.220,59 €;5.395.238,86 €
2022-05-09;3.280,98 €;15.243,95 €;0,00 €;-11.962,96 €;5.383.275,90 €
2022-05-10;2.899,66 €;15.049,94 €;0,00 €;-12.150,28 €;5.371.125,62 €
2022-05-11;3.521,77 €;14.769,44 €;0,00 €;-11.247,67 €;5.359.877,95 €
2022-05-12;2.138,30 €;16.365,51 €;0,00 €;-14.227,21 €;5.345.650,74 €
2022-05-13;2.886,20 €;12.880,70 €;0,00 €;-9.994,51 €;5.335.656,23 €
2022-05-14;2.058,59 €;14.404,48 €;0,00 €;-12.345,88 €;5.323.310,35 €
2022-05-15;2.306,47 €;16.206,06 €;0,00 €;-13.899,59 €;5.309.410,76 €
2022-05-16;3.735,93 €;14.258,87 €;0,00 €;-10.522,94 €;5.298.887,82 €
2022-05-17;3.501,59 €;12.766,79 €;0,00 €;-9.265,20 €;5.289.622,62 €
2022-05-18;2.694,26 €;16.182,83 €;0,00 €;-13.488,57 €;5.276.134,05 €
2022-05-19;2.302,75 €;16.864,64 €;0,00 €;-14.561,89 €;5.261.572,15 €
2022-05-20;1.571,74 €;15.112,51 €;0,00 €;-13.540,77 €;5.248.031,38 €
2022-05-21;2.782,25 €;12.238,73 €;0,00 €;-9.456,48 €;5.238.574,90 €
2022-05-22;4.264,21 €;16.238,95 €;0,00 €;-11.974,75 €;5.226.600,15 €
2022-05-23;3.271,44 €;12.690,17 €;0,00 €;-9.418,73 €;5.217.181,43 €
2022-05-24;2.774,21 €;15.643,20 €;0,00 €;-12.868,99 €;5.204.312,44 €
2022-05-25;3.286,54 €;13.848,80 €;0,00 €;-10.562,26 €;5.193.750,18 €
2022-05-26;2.273,52 €;13.440,24 €;0,00 €;-11.166,72 €;5.182.583,46 €
2022-05-27;2.905,34 €;14.517,13 €;0,00 €;-11.611,80 €;5.170.971,66 €
2022-05-28;3.103,74 €;14.905,05 €;350.000,00 €;-361.801,31 €;4.809.170,35 €
2022-05-29;3.010,95 €;14.213,69 €;0,00 €;-11.202,74 €;4.797.967,61 €
2022-05-30;3.449,40 €;16.063,05 €;0,00 €;-12.613,65 €;4.785.353,96 €
2022-05-31;3.226,32 €;14.510,90 €;0,00 €;-11.284,57 €;4.774.069,38 €
2022-06-01;491.516,30 €;16.650,29 €;0,00 €;474.866,01 €;5.248.935,40 €
2022-06-02;423.681,39 €;15.601,76 €;0,00 €;408.079,63 €;5.657.015,02 €
2022-06-03;502.990,77 €;14.133,66 €;0,00 €;488.857,11 €;6.145.872,13 €
2022-06-04;539.546,85 €;13.881,09 €;0,00 €;525.665,76 €;6.671.537,89 €
2022-06-05;409.592,52 €;12.708,76 €;1.200.000,00 €;-803.116,23 €;5.868.421,66 €
2022-06-06;2.610,15 €;15.616,10 €;0,00 €;-13.005,95 €;5.855.415,71 €
2022-06-07;3.721,89 €;14.648,12 €;0,00 €;-10.926,23 €;5.844.489,48 €
2022-06-08;2.958,33 €;11.621,71 €;0,00 €;-8.663,38 €;5.835.826,10 €
2022-06-09;3.755,91 €;14.376,43 €;0,00 €;-10.620,52 €;5.825.205,59 €
2022-06-10;2.832,73 €;13.828,45 €;0,00 €;-10.995,72 €;5.814.209,87 €
2022-06-11;3.781,52 €;17.543,52 €;0,00 €;-13.761,99 €;5.800.447,88 €
2022-06-12;3.119,74 €;12.625,83 €;0,00 €;-9.506,09 €;5.790.941,79 €
2022-06-13;3.183,11 €;13.017,97 €;0,00 €;-9.834,86 €;5.781.106,93 €
2022-06-14;3.836,36 €;16.844,95 €;0,00 €;-13.008,60 €;5.768.098,33 €
2022-06-15;2.873,11 €;17.215,14 €;0,00 €;-14.342,03 €;5.753.756,30 €
2022-06-16;2.583,44 €;14.062,53 €;0,00 €;-11.479,09 €;5.742.277,22 €
2022-06-17;2.829,72 €;14.231,87 €;0,00 €;-11.402,15 €;5.730.875,06 €
2022-06-18;3.280,17 €;16.104,35 €;0,00 €;-12.824,19 €;5.718.050,88 €
2022-06-19;2.271,12 €;11.689,35 €;0,00 €;-9.418,23 €;5.708.632,65 €
2022-06-20;3.372,74 €;12.388,21 €;0,00 €;-9.015,47 €;5.699.617,17 €
2022-06-21;2.784,61 €;14.758,90 €;0,00 €;-11.974,29 €;5.687.642,89 €
2022-06-22;3.627,91 €;17.504,84 €;0,00 €;-13.876,93 €;5.673.765,96 €
2022-06-23;1.856,87 €;14.526,40 €;0,00 €;-12.669,54 €;5.661.096,42 €
2022-06-24;2.660,72 €;15.331,41 €;0,00 €;-12.670,69 €;5.648.425,73 €
2022-06-25;2.210,77 €;16.880,68 €;0,00 €;-14.669,92 €;5.633.755,82 €
2022-06-26;2.640,89 €;18.340,33 €;0,00 €;-15.699,44 €;5.618.056,37 €
2022-06-27;3.177,83 €;14.314,73 €;0,00 €;-11.136,89 €;5.606.919,48 €
2022-06-28;2.964,39 €;15.154,74 €;350.000,00 €;-362.190,36 €;5.244.729,12 €
2022-06-29;2.927,31 €;17.913,08 €;0,00 €;-14.985,77 €;5.229.743,35 €
2022-06-30;2.974,41 €;12.896,70 €;1.000.000,00 €;-1.009.922,29 €;4.219.821,06 €
2022-07-01;67.797,11 €;27.355,16 €;0,00 €;40.441,94 €;4.260.263,00 €
2022-07-02;86.624,64 €;23.263,37 €;0,00 €;63.361,27 €;4.323.624,27 €
2022-07-03;103.778,50 €;25.504,94 €;0,00 €;78.273,55 €;4.401.897,82 €
2022-07-04;71.471,33 €;24.814,76 €;0,00 €;46.656,57 €;4.448.554,39 €
2022-07-05;69.250,30 €;23.383,98 €;1.200.000,00 €;-1.154.133,67 €;3.294.420,72 €
2022-07-06;70.622,27 €;23.333,80 €;0,00 €;47.288,47 €;3.341.709,19 €
2022-07-07;68.541,34 €;25.852,83 €;0,00 €;42.688,52 €;3.384.397,70 €
2022-07-08;82.450,59 €;27.291,08 €;0,00 €;55.159,51 €;3.439.557,21 €
2022-07-09;95.839,06 €;25.040,53 €;0,00 €;70.798,53 €;3.510.355,74 €
2022-07-10;93.639,17 €;25.440,23 €;0,00 €;68.198,94 €;3.578.554,68 €
2022-07-11;60.141,78 €;26.442,35 €;0,00 €;33.699,43 €;3.612.254,11 €
2022-07-12;57.911,90 €;23.356,76 €;0,00 €;34.555,14 €;3.646.809,25 €
2022-07-13;56.214,23 €;26.779,39 €;0,00 €;29.434,84 €;3.676.244,09 €
2022-07-14;59.059,62 €;26.938,69 €;0,00 €;32.120,94 €;3.708.365,03 €
2022-07-15;65.604,56 €;30.507,25 €;0,00 €;35.097,30 €;3.743.462,33 €
2022-07-16;100.052,95 €;24.547,79 €;0,00 €;75.505,16 €;3.818.967,49 €
2022-07-17;97.221,42 €;24.383,84 €;0,00 €;72.837,58 €;3.891.805,07 €
2022-07-18;60.045,72 €;26.837,93 €;0,00 €;33.207,79 €;3.925.012,86 €
2022-07-19;73.371,48 €;26.938,21 €;0,00 €;46.433,27 €;3.971.446,13 €
2022-07-20;72.085,30 €;24.229,83 €;400.000,00 €;-352.144,52 €;3.619.301,60 €
2022-07-21;64.892,81 €;24.493,67 €;0,00 €;40.399,14 €;3.659.700,74 €
2022-07-22;60.946,67 €;26.382,26 €;0,00 €;34.564,41 €;3.694.265,15 €
2022-07-23;102.194,28 €;23.644,83 €;0,00 €;78.549,45 €;3.772.814,60 €
2022-07-24;98.589,74 €;24.478,93 €;0,00 €;74.110,80 €;3.846.925,40 €
2022-07-25;54.584,98 €;25.479,19 €;0,00 €;29.105,80 €;3.876.031,20 €
2022-07-26;65.626,16 €;27.291,88 €;0,00 €;38.334,28 €;3.914.365,48 €
2022-07-27;68.266,29 €;24.090,80 €;0,00 €;44.175,48 €;3.958.540,96 €
2022-07-28;58.972,44 €;21.615,23 €;350.000,00 €;-312.642,79 €;3.645.898,17 €
2022-07-29;67.688,75 €;21.466,81 €;0,00 €;46.221,94 €;3.692.120,12 €
2022-07-30;82.161,78 €;22.781,17 €;0,00 €;59.380,60 €;3.751.500,72 €
2022-07-31;110.071,86 €;22.673,66 €;0,00 €;87.398,20 €;3.838.898,91 €
2022-08-01;76.153,60 €;24.990,78 €;0,00 €;51.162,82 €;3.890.061,74 €
2022-08-02;64.149,86 €;22.922,24 €;0,00 €;41.227,62 €;3.931.289,36 €
2022-08-03;69.077,63 €;23.894,49 €;0,00 €;45.183,14 €;3.976.472,50 €
2022-08-04;46.890,62 €;23.751,83 €;0,00 €;23.138,80 €;3.999.611,30 €
2022-08-05;56.919,22 €;24.418,98 €;1.200.000,00 €;-1.167.499,77 €;2.832.111,53 €
2022-08-06;93.772,21 €;27.945,01 €;0,00 €;65.827,20 €;2.897.938,73 €
2022-08-07;85.988,67 €;26.623,90 €;0,00 €;59.364,77 €;2.957.303,51 €
2022-08-08;71.885,17 €;25.332,26 €;0,00 €;46.552,91 €;3.003.856,42 €
2022-08-09;82.148,37 €;24.377,95 €;0,00 €;57.770,42 €;3.061.626,85 €
2022-08-10;56.757,08 €;24.433,53 €;0,00 €;32.323,55 €;3.093.950,39 €
2022-08-11;59.470,29 €;25.955,49 €;0,00 €;33.514,80 €;3.127.465,19 €
2022-08-12;68.053,59 €;26.468,34 €;0,00 €;41.585,25 €;3.169.050,44 €
2022-08-13;112.821,16 €;23.484,76 €;0,00 €;89.336,40 €;3.258.386,84 €
2022-08-14;84.486,26 €;25.372,96 €;0,00 €;59.113,30 €;3.317.500,13 €
2022-08-15;68.162,29 €;21.236,76 €;0,00 €;46.925,53 €;3.364.425,66 €
2022-08-16;80.740,39 €;25.723,43 €;0,00 €;55.016,96 €;3.419.442,63 €
2022-08-17;52.955,93 €;26.824,30 €;0,00 €;26.131,63 €;3.445.574,25 €
2022-08-18;55.921,45 €;24.739,86 €;0,00 €;31.181,58 €;3.476.755,84 €
2022-08-19;62.781,15 €;28.933,05 €;0,00 €;33.848,09 €;3.510.603,93 €
2022-08-20;91.504,12 €;23.537,52 €;0,00 €;67.966,59 €;3.578.570,52 €
2022-08-21;104.836,01 €;25.734,88 €;0,00 €;79.101,13 €;3.657.671,66 €
2022-08-22;68.103,28 €;25.228,35 €;0,00 €;42.874,93 €;3.700.546,58 €
2022-08-23;51.970,30 €;25.099,40 €;0,00 €;26.870,90 €;3.727.417,48 €
2022-08-24;70.293,28 €;25.071,36 €;0,00 €;45.221,93 €;3.772.639,41 €
2022-08-25;61.549,69 €;25.514,21 €;0,00 €;36.035,48 €;3.808.674,89 €
2022-08-26;76.365,58 €;26.995,92 €;0,00 €;49.369,66 €;3.858.044,55 €
2022-08-27;90.434,12 €;28.055,47 €;0,00 €;62.378,65 €;3.920.423,20 €
2022-08-28;90.343,85 €;25.295,50 €;350.000,00 €;-284.951,65 €;3.635.471,55 €
2022-08-29;70.499,05 €;26.930,63 €;0,00 €;43.568,42 €;3.679.039,97 €
2022-08-30;72.273,41 €;23.896,47 €;0,00 €;48.376,95 €;3.727.416,92 €
2022-08-31;69.754,79 €;26.831,91 €;0,00 €;42.922,88 €;3.770.339,80 €
2022-09-01;373.820,13 €;14.037,01 €;0,00 €;359.783,12 €;4.130.122,92 €
2022-09-02;485.001,72 €;16.815,99 €;0,00 €;468.185,73 €;4.598.308,65 €
2022-09-03;406.384,60 €;18.495,96 €;0,00 €;387.888,64 €;4.986.197,29 €
2022-09-04;469.863,81 €;14.996,87 €;0,00 €;454.866,93 €;5.441.064,22 €
2022-09-05;386.913,28 €;11.891,18 €;1.200.000,00 €;-824.977,91 €;4.616.086,31 €
2022-09-06;3.277,16 €;14.357,89 €;0,00 €;-11.080,73 €;4.605.005,58 €
2022-09-07;2.650,70 €;17.027,81 €;0,00 €;-14.377,11 €;4.590.628,47 €
2022-09-08;2.412,68 €;16.009,62 €;0,00 €;-13.596,93 €;4.577.031,54 €
2022-09-09;3.410,91 €;15.553,37 €;0,00 €;-12.142,46 €;4.564.889,08 €
2022-09-10;3.174,82 €;16.693,00 €;0,00 €;-13.518,18 €;4.551.370,90 €
2022-09-11;2.747,01 €;15.906,68 €;0,00 €;-13.159,67 €;4.538.211,23 €
2022-09-12;3.779,59 €;17.006,59 €;0,00 €;-13.227,00 €;4.524.984,23 €
2022-09-13;2.833,67 €;16.559,14 €;0,00 €;-13.725,46 €;4.511.258,77 €
2022-09-14;3.070,05 €;17.462,55 €;0,00 €;-14.392,50 €;4.496.866,27 €
2022-09-15;3.188,46 €;15.718,19 €;0,00 €;-12.529,74 €;4.484.336,54 €
2022-09-16;2.744,17 €;16.537,89 €;0,00 €;-13.793,72 €;4.470.542,81 €
2022-09-17;3.289,57 €;14.719,31 €;0,00 €;-11.429,74 €;4.459.113,07 €
2022-09-18;2.787,27 €;14.277,81 €;0,00 €;-11.490,53 €;4.447.622,54 €
2022-09-19;2.848,18 €;17.740,15 €;0,00 €;-14.891,97 €;4.432.730,57 €
2022-09-20;3.735,32 €;15.504,31 €;0,00 €;-11.768,99 €;4.420.961,58 €
2022-09-21;2.533,71 €;16.387,32 €;0,00 €;-13.853,61 €;4.407.107,97 €
2022-09-22;1.847,61 €;15.365,61 €;0,00 €;-13.518,00 €;4.393.589,97 €
2022-09-23;3.859,47 €;14.300,23 €;0,00 €;-10.440,76 €;4.383.149,21 €
2022-09-24;4.328,66 €;15.196,47 €;0,00 €;-10.867,81 €;4.372.281,40 €
2022-09-25;2.851,37 €;17.333,99 €;0,00 €;-14.482,63 €;4.357.798,77 €
2022-09-26;2.085,58 €;16.012,86 €;0,00 €;-13.927,28 €;4.343.871,49 €
2022-09-27;2.898,76 €;12.612,79 €;0,00 €;-9.714,03 €;4.334.157,46 €
2022-09-28;2.910,89 €;14.857,13 €;350.000,00 €;-361.946,24 €;3.972.211,22 €
2022-09-29;2.959,04 €;17.853,44 €;0,00 €;-14.894,40 €;3.957.316,81 €
2022-09-30;2.497,31 €;14.859,30 €;0,00 €;-12.362,00 €;3.944.954,82 €
2022-10-01;487.078,06 €;12.479,28 €;0,00 €;474.598,78 €;4.419.553,59 €
2022-10-02;484.325,37 €;18.019,57 €;0,00 €;466.305,80 €;4.885.859,39 €
2022-10-03;383.379,72 €;16.203,59 €;0,00 €;367.176,13 €;5.253.035,52 €
2022-10-04;493.059,84 €;15.074,98 €;0,00 €;477.984,86 €;5.731.020,37 €
2022-10-05;560.734,25 €;14.622,87 €;1.200.000,00 €;-653.888,62 €;5.077.131,75 €
2022-10-06;3.139,98 €;16.803,53 €;0,00 €;-13.663,55 €;5.063.468,20 €
2022-10-07;2.885,34 €;14.367,02 €;0,00 €;-11.481,69 €;5.051.986,51 €
2022-10-08;2.983,00 €;16.902,38 €;0,00 €;-13.919,39 €;5.038.067,13 €
2022-10-09;3.361,63 €;15.993,29 €;0,00 €;-12.631,66 €;5.025.435,46 €
2022-10-10;2.188,66 €;15.547,02 €;0,00 €;-13.358,36 €;5.012.077,10 €
2022-10-11;3.136,20 €;15.398,27 €;0,00 €;-12.262,08 €;4.999.815,03 €
2022-10-12;2.858,77 €;14.917,55 €;0,00 €;-12.058,78 €;4.987.756,25 €
2022-10-13;3.977,91 €;16.748,46 €;0,00 €;-12.770,55 €;4.974.985,70 €
2022-10-14;2.966,91 €;13.881,99 €;0,00 €;-10.915,07 €;4.964.070,63 €
2022-10-15;3.887,94 €;12.747,11 €;0,00 €;-8.859,17 €;4.955.211,46 €
2022-10-16;2.502,13 €;16.101,66 €;0,00 €;-13.599,53 €;4.941.611,93 €
2022-10-17;3.347,63 €;16.126,86 €;0,00 €;-12.779,23 €;4.928.832,70 €
2022-10-18;3.213,70 €;15.900,36 €;0,00 €;-12.686,66 €;4.916.146,04 €
2022-10-19;2.619,48 €;15.791,59 €;0,00 €;-13.172,12 €;4.902.973,92 €
2022-10-20;3.142,70 €;14.699,19 €;400.000,00 €;-411.556,49 €;4.491.417,43 €
2022-10-21;3.660,26 €;16.361,22 €;0,00 €;-12.700,96 €;4.478.716,47 €
2022-10-22;2.892,10 €;15.111,66 €;0,00 €;-12.219,56 €;4.466.496,91 €
2022-10-23;2.208,02 €;14.449,33 €;0,00 €;-12.241,31 €;4.454.255,60 €
2022-10-24;3.045,22 €;14.712,16 €;0,00 €;-11.666,94 €;4.442.588,65 €
2022-10-25;2.602,79 €;18.210,96 €;0,00 €;-15.608,17 €;4.426.980,48 €
2022-10-26;2.882,83 €;12.577,54 €;0,00 €;-9.694,71 €;4.417.285,77 €
2022-10-27;3.013,21 €;15.929,68 €;0,00 €;-12.916,48 €;4.404.369,30 €
2022-10-28;2.201,17 €;12.661,33 €;350.000,00 €;-360.460,16 €;4.043.909,14 €
2022-10-29;2.246,17 €;15.017,65 €;0,00 €;-12.771,48 €;4.031.137,66 €
2022-10-30;3.295,03 €;14.529,56 €;0,00 €;-11.234,53 €;4.019.903,13 €
2022-10-31;2.792,64 €;12.052,46 €;0,00 €;-9.259,82 €;4.010.643,32 €
2022-11-01;329.862,78 €;15.763,56 €;0,00 €;314.099,23 €;4.324.742,54 €
2022-11-02;497.342,20 €;14.609,94 €;0,00 €;482.732,26 €;4.807.474,80 €
2022-11-03;471.718,49 €;12.031,19 €;0,00 €;459.687,30 €;5.267.162,10 €
2022-11-04;422.406,26 €;16.439,35 €;0,00 €;405.966,91 €;5.673.129,01 €
2022-11-05;392.258,49 €;17.332,51 €;1.200.000,00 €;-825.074,02 €;4.848.054,99 €
2022-11-06;3.471,90 €;17.415,19 €;0,00 €;-13.943,28 €;4.834.111,70 €
2022-11-07;3.228,68 €;15.718,43 €;0,00 €;-12.489,76 €;4.821.621,94 €
2022-11-08;4.245,30 €;15.249,09 €;0,00 €;-11.003,79 €;4.810.618,16 €
2022-11-09;3.264,09 €;17.172,23 €;0,00 €;-13.908,14 €;4.796.710,02 €
2022-11-10;3.247,85 €;17.703,58 €;0,00 €;-14.455,72 €;4.782.254,29 €
2022-11-11;2.970,54 €;16.880,35 €;0,00 €;-13.909,82 €;4.768.344,48 €
2022-11-12;3.462,39 €;13.767,69 €;0,00 €;-10.305,31 €;4.758.039,17 €
2022-11-13;3.366,54 €;15.482,02 €;0,00 €;-12.115,47 €;4.745.923,70 €
2022-11-14;3.679,86 €;15.839,27 €;0,00 €;-12.159,41 €;4.733.764,28 €
2022-11-15;2.793,34 €;12.465,57 €;0,00 €;-9.672,24 €;4.724.092,05 €
2022-11-16;2.836,30 €;15.884,04 €;0,00 €;-13.047,74 €;4.711.044,30 €
2022-11-17;2.814,45 €;18.589,49 €;0,00 €;-15.775,04 €;4.695.269,26 €
2022-11-18;3.449,40 €;16.139,90 €;0,00 €;-12.690,50 €;4.682.578,76 €
2022-11-19;3.803,19 €;17.390,12 €;0,00 €;-13.586,93 €;4.668.991,83 €
2022-11-20;2.824,58 €;15.454,37 €;0,00 €;-12.629,79 €;4.656.362,04 €
2022-11-21;2.841,61 €;15.070,17 €;0,00 €;-12.228,56 €;4.644.133,48 €
2022-11-22;3.211,04 €;15.751,91 €;0,00 €;-12.540,87 €;4.631.592,61 €
2022-11-23;2.931,12 €;13.956,26 €;0,00 €;-11.025,14 €;4.620.567,47 €
2022-11-24;3.530,03 €;13.734,34 €;0,00 €;-10.204,31 €;4.610.363,16 €
2022-11-25;1.928,11 €;17.079,46 €;0,00 €;-15.151,35 €;4.595.211,81 €
2022-11-26;2.640,65 €;17.238,51 €;0,00 €;-14.597,87 €;4.580.613,95 €
2022-11-27;2.662,79 €;13.693,34 €;0,00 €;-11.030,55 €;4.569.583,40 €
2022-11-28;1.893,82 €;16.632,00 €;350.000,00 €;-364.738,18 €;4.204.845,22 €
2022-11-29;2.572,18 €;15.049,56 €;0,00 €;-12.477,38 €;4.192.367,84 €
2022-11-30;2.596,42 €;15.689,71 €;0,00 €;-13.093,29 €;4.179.274,55 €
2022-12-01;448.044,77 €;15.870,33 €;0,00 €;432.174,44 €;4.611.448,99 €
2022-12-02;513.748,29 €;16.671,53 €;0,00 €;497.076,77 €;5.108.525,76 €
2022-12-03;445.846,97 €;15.304,08 €;0,00 €;430.542,89 €;5.539.068,65 €
2022-12-04;406.559,31 €;17.295,24 €;0,00 €;389.264,07 €;5.928.332,72 €
2022-12-05;455.252,27 €;15.644,12 €;1.200.000,00 €;-760.391,85 €;5.167.940,87 €
2022-12-06;3.578,59 €;16.116,28 €;0,00 €;-12.537,69 €;5.155.403,18 €
2022-12-07;2.566,02 €;13.930,11 €;0,00 €;-11.364,09 €;5.144.039,10 €
2022-12-08;2.598,71 €;18.417,99 €;0,00 €;-15.819,28 €;5.128.219,82 €
2022-12-09;3.333,27 €;15.884,74 €;0,00 €;-12.551,46 €;5.115.668,36 €
2022-12-10;2.943,23 €;16.249,50 €;0,00 €;-13.306,26 €;5.102.362,10 €
2022-12-11;3.377,74 €;12.767,72 €;0,00 €;-9.389,98 €;5.092.972,12 €
2022-12-12;3.047,18 €;13.945,95 €;0,00 €;-10.898,77 €;5.082.073,35 €
2022-12-13;3.404,83 €;17.036,83 €;0,00 €;-13.631,99 €;5.068.441,35 €
2022-12-14;2.536,46 €;15.610,34 €;0,00 €;-13.073,88 €;5.055.367,48 €
2022-12-15;3.047,96 €;12.309,33 €;0,00 €;-9.261,37 €;5.046.106,10 €
2022-12-16;2.948,65 €;16.737,43 €;0,00 €;-13.788,78 €;5.032.317,32 €
2022-12-17;2.446,05 €;14.364,33 €;0,00 €;-11.918,27 €;5.020.399,05 €
2022-12-18;2.272,26 €;17.296,98 €;0,00 €;-15.024,71 €;5.005.374,34 €
2022-12-19;3.396,87 €;15.048,25 €;0,00 €;-11.651,37 €;4.993.722,97 €
2022-12-20;2.878,52 €;15.487,06 €;0,00 €;-12.608,54 €;4.981.114,43 €
2022-12-21;2.542,86 €;16.948,43 €;0,00 €;-14.405,57 €;4.966.708,86 €
2022-12-22;3.005,91 €;13.833,76 €;0,00 €;-10.827,85 €;4.955.881,01 €
2022-12-23;3.618,01 €;13.690,73 €;0,00 €;-10.072,72 €;4.945.808,29 €
2022-12-24;1.913,63 €;14.885,25 €;0,00 €;-12.971,62 €;4.932.836,67 €
2022-12-25;2.305,68 €;16.420,76 €;0,00 €;-14.115,08 €;4.918.721,59 €
2022-12-26;2.592,56 €;13.183,68 €;0,00 €;-10.591,13 €;4.908.130,46 €
2022-12-27;3.784,59 €;12.677,95 €;0,00 €;-8.893,36 €;4.899.237,10 €
2022-12-28;3.195,29 €;16.415,58 €;350.000,00 €;-363.220,29 €;4.536.016,81 €
2022-12-29;3.437,66 €;14.275,53 €;0,00 €;-10.837,87 €;4.525.178,94 €
2022-12-30;2.483,92 €;14.591,66 €;0,00 €;-12.107,74 €;4.513.071,20 €
2022-12-31;2.494,23 €;12.394,78 €;0,00 €;-9.900,55 €;4.503.170,65 €
2023-01-01;488.590,69 €;14.341,53 €;0,00 €;474.249,15 €;4.977.419,80 €
2023-01-02;469.113,72 €;15.348,65 €;0,00 €;453.765,07 €;5.431.184,87 €
2023-01-03;493.636,94 €;16.755,57 €;0,00 €;476.881,37 €;5.908.066,24 €
2023-01-04;456.816,45 €;14.203,15 €;0,00 €;442.613,30 €;6.350.679,54 €
2023-01-05;480.107,19 €;17.846,06 €;1.200.000,00 €;-737.738,88 €;5.612.940,66 €
2023-01-06;3.187,06 €;14.333,17 €;0,00 €;-11.146,11 €;5.601.794,55 €
2023-01-07;3.496,88 €;14.335,36 €;0,00 €;-10.838,48 €;5.590.956,08 €
2023-01-08;3.511,50 €;17.666,04 €;0,00 €;-14.154,53 €;5.576.801,54 €
2023-01-09;2.298,06 €;15.677,19 €;0,00 €;-13.379,13 €;5.563.422,42 €
2023-01-10;1.984,37 €;14.531,96 €;0,00 €;-12.547,60 €;5.550.874,82 €
2023-01-11;3.608,87 €;15.127,30 €;0,00 €;-11.518,43 €;5.539.356,39 €
2023-01-12;3.701,86 €;17.389,61 €;0,00 €;-13.687,75 €;5.525.668,64 €
2023-01-13;2.597,69 €;17.559,30 €;0,00 €;-14.961,62 €;5.510.707,03 €
2023-01-14;2.178,08 €;14.134,81 €;0,00 €;-11.956,73 €;5.498.750,30 €
2023-01-15;3.157,52 €;15.296,35 €;0,00 €;-12.138,83 €;5.486.611,47 €
2023-01-16;3.573,42 €;15.495,24 €;0,00 €;-11.921,82 €;5.474.689,65 €
2023-01-17;4.006,80 €;13.880,64 €;0,00 €;-9.873,84 €;5.464.815,81 €
2023-01-18;3.366,15 €;15.276,47 €;0,00 €;-11.910,32 €;5.452.905,49 €
2023-01-19;2.922,14 €;15.367,98 €;0,00 €;-12.445,84 €;5.440.459,64 €
2023-01-20;2.661,43 €;17.070,31 €;400.000,00 €;-414.408,88 €;5.026.050,76 €
2023-01-21;3.113,73 €;17.171,14 €;0,00 €;-14.057,41 €;5.011.993,35 €
2023-01-22;2.958,37 €;14.866,19 €;0,00 €;-11.907,82 €;5.000.085,53 €
2023-01-23;2.600,47 €;15.039,07 €;0,00 €;-12.438,60 €;4.987.646,93 €
2023-01-24;4.132,38 €;16.356,44 €;0,00 €;-12.224,06 €;4.975.422,87 €
2023-01-25;4.000,58 €;14.482,22 €;0,00 €;-10.481,63 €;4.964.941,24 €
2023-01-26;3.676,02 €;16.242,96 €;0,00 €;-12.566,94 €;4.952.374,30 €
2023-01-27;2.647,57 €;15.228,14 €;0,00 €;-12.580,57 €;4.939.793,74 €
2023-01-28;3.535,51 €;13.905,90 €;350.000,00 €;-360.370,39 €;4.579.423,34 €
2023-01-29;3.427,81 €;13.924,74 €;0,00 €;-10.496,93 €;4.568.926,41 €
2023-01-30;3.329,27 €;17.530,59 €;0,00 €;-14.201,32 €;4.554.725,10 €
2023-01-31;3.732,83 €;15.125,37 €;0,00 €;-11.392,54 €;4.543.332,56 €
2023-02-01;497.968,56 €;17.820,53 €;0,00 €;480.148,03 €;5.023.480,59 €
2023-02-02;503.200,71 €;14.589,55 €;0,00 €;488.611,17 €;5.512.091,75 €
2023-02-03;498.045,31 €;15.796,81 €;0,00 €;482.248,51 €;5.994.340,26 €
2023-02-04;483.239,57 €;18.949,02 €;0,00 €;464.290,56 €;6.458.630,81 €
2023-02-05;377.019,44 €;13.773,92 €;1.200.000,00 €;-836.754,48 €;5.621.876,34 €
2023-02-06;3.149,81 €;12.513,28 €;0,00 €;-9.363,47 €;5.612.512,87 €
2023-02-07;2.829,90 €;17.289,89 €;0,00 €;-14.459,98 €;5.598.052,89 €
2023-02-08;2.468,08 €;14.119,79 €;0,00 €;-11.651,71 €;5.586.401,18 €
2023-02-09;3.948,91 €;15.328,94 €;0,00 €;-11.380,03 €;5.575.021,15 €
2023-02-10;3.972,50 €;14.481,12 €;0,00 €;-10.508,63 €;5.564.512,53 €
2023-02-11;3.787,61 €;15.762,24 €;0,00 €;-11.974,63 €;5.552.537,89 €
2023-02-12;3.235,61 €;13.934,20 €;0,00 €;-10.698,59 €;5.541.839,30 €
2023-02-13;3.783,31 €;15.090,09 €;0,00 €;-11.306,78 €;5.530.532,53 €
2023-02-14;3.114,03 €;16.034,72 €;0,00 €;-12.920,70 €;5.517.611,83 €
2023-02-15;3.209,40 €;13.847,54 €;0,00 €;-10.638,14 €;5.506.973,69 €
2023-02-16;2.561,26 €;14.309,87 €;0,00 €;-11.748,61 €;5.495.225,08 €
2023-02-17;3.306,50 €;14.838,93 €;0,00 €;-11.532,43 €;5.483.692,65 €
2023-02-18;3.138,19 €;13.216,78 €;0,00 €;-10.078,58 €;5.473.614,07 €
2023-02-19;2.456,67 €;14.726,16 €;0,00 €;-12.269,48 €;5.461.344,58 €
2023-02-20;3.082,40 €;15.538,19 €;0,00 €;-12.455,79 €;5.448.888,79 €
2023-02-21;3.068,14 €;14.760,68 €;0,00 €;-11.692,54 €;5.437.196,25 €
2023-02-22;4.006,78 €;14.952,94 €;0,00 €;-10.946,15 €;5.426.250,09 €
2023-02-23;3.555,11 €;15.330,15 €;0,00 €;-11.775,04 €;5.414.475,05 €
2023-02-24;3.113,72 €;14.376,38 €;0,00 €;-11.262,66 €;5.403.212,39 €
2023-02-25;3.232,39 €;16.396,59 €;0,00 €;-13.164,20 €;5.390.048,19 €
2023-02-26;3.130,11 €;17.513,97 €;0,00 €;-14.383,86 €;5.375.664,33 €
2023-02-27;3.006,54 €;14.663,43 €;0,00 €;-11.656,89 €;5.364.007,44 €
2023-02-28;2.566,79 €;16.087,80 €;350.000,00 €;-363.521,01 €;5.000.486,43 €
2023-03-01;458.647,41 €;15.000,57 €;0,00 €;443.646,83 €;5.444.133,26 €
2023-03-02;428.895,09 €;15.908,23 €;0,00 €;412.986,86 €;5.857.120,12 €
2023-03-03;403.684,22 €;17.708,67 €;0,00 €;385.975,55 €;6.243.095,67 €
2023-03-04;491.761,09 €;16.122,99 €;0,00 €;475.638,10 €;6.718.733,77 €
2023-03-05;485.763,23 €;12.699,88 €;1.200.000,00 €;-726.936,65 €;5.991.797,13 €
2023-03-06;2.214,65 €;16.040,99 €;0,00 €;-13.826,35 €;5.977.970,78 €
2023-03-07;3.046,66 €;17.209,30 €;0,00 €;-14.162,64 €;5.963.808,14 €
2023-03-08;3.605,85 €;15.027,61 €;0,00 €;-11.421,76 €;5.952.386,39 €
2023-03-09;3.637,61 €;16.853,45 €;0,00 €;-13.215,84 €;5.939.170,55 €
2023-03-10;3.620,92 €;14.324,83 €;0,00 €;-10.703,91 €;5.928.466,64 €
2023-03-11;3.127,46 €;13.131,69 €;0,00 €;-10.004,23 €;5.918.462,41 €
2023-03-12;2.685,48 €;15.571,75 €;0,00 €;-12.886,28 €;5.905.576,13 €
2023-03-13;2.566,15 €;12.725,28 €;0,00 €;-10.159,13 €;5.895.417,00 €
2023-03-14;3.280,30 €;15.000,34 €;0,00 €;-11.720,04 €;5.883.696,95 €
2023-03-15;3.297,64 €;17.290,26 €;0,00 €;-13.992,62 €;5.869.704,33 €
2023-03-16;3.751,67 €;12.495,36 €;0,00 €;-8.743,69 €;5.860.960,64 €
2023-03-17;3.657,99 €;13.440,75 €;0,00 €;-9.782,76 €;5.851.177,88 €
2023-03-18;3.041,89 €;13.811,95 €;0,00 €;-10.770,07 €;5.840.407,81 €
2023-03-19;2.485,90 €;15.265,02 €;0,00 €;-12.779,12 €;5.827.628,69 €
2023-03-20;2.948,45 €;14.811,42 €;0,00 €;-11.862,98 €;5.815.765,71 €
2023-03-21;3.216,62 €;17.458,70 €;0,00 €;-14.242,09 €;5.801.523,62 €
2023-03-22;3.006,96 €;16.791,52 €;0,00 €;-13.784,56 €;5.787.739,06 €
2023-03-23;2.819,05 €;16.102,91 €;0,00 €;-13.283,86 €;5.774.455,20 €
2023-03-24;3.234,44 €;15.578,45 €;0,00 €;-12.344,00 €;5.762.111,20 €
2023-03-25;2.856,02 €;15.949,84 €;0,00 €;-13.093,82 €;5.749.017,37 €
2023-03-26;2.793,97 €;14.067,03 €;0,00 €;-11.273,06 €;5.737.744,31 €
2023-03-27;3.263,73 €;16.645,82 €;0,00 €;-13.382,09 €;5.724.362,22 €
2023-03-28;2.907,00 €;13.691,93 €;350.000,00 €;-360.784,93 €;5.363.577,29 €
2023-03-29;3.230,05 €;16.613,07 €;0,00 €;-13.383,01 €;5.350.194,28 €
2023-03-30;3.244,60 €;17.139,21 €;0,00 €;-13.894,61 €;5.336.299,67 €
2023-03-31;2.538,29 €;15.676,30 €;0,00 €;-13.138,01 €;5.323.161,66 €
2023-04-01;442.137,94 €;15.095,68 €;0,00 €;427.042,26 €;5.750.203,92 €
2023-04-02;538.088,85 €;15.960,46 €;0,00 €;522.128,38 €;6.272.332,30 €
2023-04-03;408.096,02 €;11.067,72 €;0,00 €;397.028,30 €;6.669.360,61 €
2023-04-04;360.367,28 €;15.813,39 €;0,00 €;344.553,89 €;7.013.914,50 €
2023-04-05;373.107,74 €;15.189,97 €;1.200.000,00 €;-842.082,23 €;6.171.832,27 €
2023-04-06;3.122,55 €;15.284,06 €;0,00 €;-12.161,50 €;6.159.670,77 €
2023-04-07;3.123,46 €;16.419,80 €;0,00 €;-13.296,34 €;6.146.374,43 €
2023-04-08;3.049,19 €;15.247,85 €;0,00 €;-12.198,65 €;6.134.175,77 €
2023-04-09;3.715,09 €;13.649,69 €;0,00 €;-9.934,59 €;6.124.241,18 €
2023-04-10;1.771,58 €;15.147,90 €;0,00 €;-13.376,31 €;6.110.864,87 €
2023-04-11;3.305,97 €;15.461,33 €;0,00 €;-12.155,37 €;6.098.709,50 €
2023-04-12;3.888,72 €;15.532,40 €;0,00 €;-11.643,68 €;6.087.065,82 €
2023-04-13;2.544,11 €;15.602,88 €;0,00 €;-13.058,77 €;6.074.007,05 €
2023-04-14;2.918,10 €;16.919,05 €;0,00 €;-14.000,96 €;6.060.006,09 €
2023-04-15;2.731,55 €;13.730,95 €;0,00 €;-10.999,39 €;6.049.006,70 €
2023-04-16;2.660,83 €;15.623,55 €;0,00 €;-12.962,72 €;6.036.043,97 €
2023-04-17;2.944,87 €;17.294,89 €;0,00 €;-14.350,03 €;6.021.693,95 €
2023-04-18;3.821,74 €;12.758,08 €;0,00 €;-8.936,34 €;6.012.757,61 €
2023-04-19;4.026,69 €;15.629,47 €;0,00 €;-11.602,78 €;6.001.154,83 €
2023-04-20;2.940,03 €;14.481,93 €;400.000,00 €;-411.541,90 €;5.589.612,93 €
2023-04-21;4.060,53 €;14.803,93 €;0,00 €;-10.743,40 €;5.578.869,53 €
2023-04-22;3.125,79 €;14.002,79 €;0,00 €;-10.877,00 €;5.567.992,52 €
2023-04-23;3.984,85 €;15.105,67 €;0,00 €;-11.120,83 €;5.556.871,70 €
2023-04-24;3.061,35 €;18.121,88 €;0,00 €;-15.060,53 €;5.541.811,16 €
2023-04-25;3.173,53 €;13.463,35 €;0,00 €;-10.289,83 €;5.531.521,34 €
2023-04-26;3.290,74 €;13.605,58 €;0,00 €;-10.314,85 €;5.521.206,49 €
2023-04-27;4.697,43 €;13.407,10 €;0,00 €;-8.709,67 €;5.512.496,82 €
2023-04-28;3.533,64 €;17.951,13 €;350.000,00 €;-364.417,48 €;5.148.079,33 €
2023-04-29;2.754,37 €;14.666,49 €;0,00 €;-11.912,12 €;5.136.167,21 €
2023-04-30;3.592,50 €;15.321,54 €;0,00 €;-11.729,04 €;5.124.438,17 €
2023-05-01;448.108,37 €;14.755,83 €;0,00 €;433.352,55 €;5.557.790,72 €
2023-05-02;441.712,49 €;13.943,37 €;0,00 €;427.769,13 €;5.985.559,84 €
2023-05-03;511.630,07 €;15.007,27 €;0,00 €;496.622,79 €;6.482.182,64 €
2023-05-04;467.754,28 €;19.047,37 €;0,00 €;448.706,91 €;6.930.889,55 €
2023-05-05;480.128,80 €;17.448,11 €;1.200.000,00 €;-737.319,31 €;6.193.570,24 €
2023-05-06;3.114,99 €;14.080,59 €;0,00 €;-10.965,60 €;6.182.604,64 €
2023-05-07;3.276,29 €;16.331,36 €;0,00 €;-13.055,07 €;6.169.549,57 €
2023-05-08;3.320,48 €;14.112,72 €;0,00 €;-10.792,23 €;6.158.757,34 €
2023-05-09;2.139,52 €;12.695,45 €;0,00 €;-10.555,93 €;6.148.201,40 €
2023-05-10;3.441,29 €;16.889,27 €;0,00 €;-13.447,98 €;6.134.753,42 €
2023-05-11;2.616,99 €;17.100,14 €;0,00 €;-14.483,15 €;6.120.270,27 €
2023-05-12;2.386,85 €;16.929,08 €;0,00 €;-14.542,23 €;6.105.728,05 €
2023-05-13;3.078,79 €;14.655,20 €;0,00 €;-11.576,41 €;6.094.151,64 €
2023-05-14;3.149,99 €;15.109,84 €;0,00 €;-11.959,85 €;6.082.191,79 €
2023-05-15;2.761,25 €;16.484,65 €;0,00 €;-13.723,40 €;6.068.468,39 €
2023-05-16;3.523,52 €;15.947,24 €;0,00 €;-12.423,73 €;6.056.044,66 €
2023-05-17;2.436,91 €;14.769,54 €;0,00 €;-12.332,63 €;6.043.712,03 €
2023-05-18;2.904,53 €;12.931,39 €;0,00 €;-10.026,86 €;6.033.685,17 €
2023-05-19;2.815,56 €;15.530,81 €;0,00 €;-12.715,25 €;6.020.969,92 €
2023-05-20;3.084,71 €;16.978,51 €;0,00 €;-13.893,81 €;6.007.076,11 €
2023-05-21;3.247,43 €;13.563,62 €;0,00 €;-10.316,19 €;5.996.759,92 €
2023-05-22;2.604,05 €;16.318,14 €;0,00 €;-13.714,09 €;5.983.045,84 €
2023-05-23;3.470,14 €;15.857,31 €;0,00 €;-12.387,17 €;5.970.658,67 €
2023-05-24;3.139,50 €;16.485,22 €;0,00 €;-13.345,72 €;5.957.312,95 €
2023-05-25;2.162,03 €;16.667,96 €;0,00 €;-14.505,94 €;5.942.807,01 €
2023-05-26;2.128,70 €;14.318,30 €;0,00 €;-12.189,60 €;5.930.617,41 €
2023-05-27;3.101,84 €;12.934,56 €;0,00 €;-9.832,72 €;5.920.784,69 €
2023-05-28;2.997,52 €;14.559,72 €;350.000,00 €;-361.562,20 €;5.559.222,49 €
2023-05-29;3.056,29 €;16.693,69 €;0,00 €;-13.637,40 €;5.545.585,09 €
2023-05-30;3.094,01 €;14.546,99 €;0,00 €;-11.452,99 €;5.534.132,10 €
2023-05-31;3.220,78 €;14.318,94 €;0,00 €;-11.098,16 €;5.523.033,95 €
2023-06-01;513.582,48 €;12.627,97 €;0,00 €;500.954,51 €;6.023.988,45 €
2023-06-02;410.644,75 €;17.988,97 €;0,00 €;392.655,78 €;6.416.644,24 €
2023-06-03;407.601,42 €;16.598,57 €;0,00 €;391.002,85 €;6.807.647,09 €
2023-06-04;411.533,81 €;16.514,84 €;0,00 €;395.018,96 €;7.202.666,05 €
2023-06-05;480.645,83 €;16.811,59 €;1.200.000,00 €;-736.165,75 €;6.466.500,29 €
2023-06-06;3.730,47 €;16.225,06 €;0,00 €;-12.494,59 €;6.454.005,71 €
2023-06-07;2.892,33 €;14.993,51 €;0,00 €;-12.101,18 €;6.441.904,53 €
2023-06-08;1.857,15 €;15.114,35 €;0,00 €;-13.257,20 €;6.428.647,33 €
2023-06-09;2.256,00 €;14.718,65 €;0,00 €;-12.462,65 €;6.416.184,68 €
2023-06-10;2.691,48 €;19.312,11 €;0,00 €;-16.620,63 €;6.399.564,05 €
2023-06-11;2.829,14 €;16.193,87 €;0,00 €;-13.364,73 €;6.386.199,31 €
2023-06-12;2.903,81 €;14.664,30 €;0,00 €;-11.760,49 €;6.374.438,82 €
2023-06-13;3.127,29 €;16.058,25 €;0,00 €;-12.930,95 €;6.361.507,87 €
2023-06-14;2.952,13 €;13.843,70 €;0,00 €;-10.891,57 €;6.350.616,30 €
2023-06-15;3.632,67 €;17.616,76 €;0,00 €;-13.984,09 €;6.336.632,20 €
2023-06-16;2.769,99 €;14.368,40 €;0,00 €;-11.598,41 €;6.325.033,80 €
2023-06-17;2.676,84 €;16.111,63 €;0,00 €;-13.434,79 €;6.311.599,01 €
2023-06-18;3.347,44 €;16.958,97 €;0,00 €;-13.611,53 €;6.297.987,48 €
2023-06-19;2.340,18 €;15.937,15 €;0,00 €;-13.596,97 €;6.284.390,51 €
2023-06-20;3.302,85 €;15.501,70 €;0,00 €;-12.198,86 €;6.272.191,65 €
2023-06-21;3.159,28 €;15.376,20 €;0,00 €;-12.216,93 €;6.259.974,72 €
2023-06-22;3.034,28 €;15.275,34 €;0,00 €;-12.241,06 €;6.247.733,67 €
2023-06-23;3.902,14 €;14.494,95 €;0,00 €;-10.592,81 €;6.237.140,85 €
2023-06-24;2.796,90 €;14.685,77 €;0,00 €;-11.888,88 €;6.225.251,97 €
2023-06-25;4.138,15 €;17.579,39 €;0,00 €;-13.441,24 €;6.211.810,74 €
2023-06-26;2.995,28 €;15.197,20 €;0,00 €;-12.201,91 €;6.199.608,83 €
2023-06-27;2.469,49 €;14.181,31 €;0,00 €;-11.711,81 €;6.187.897,01 €
2023-06-28;3.142,96 €;14.585,55 €;350.000,00 €;-361.442,59 €;5.826.454,42 €
2023-06-29;2.569,88 €;17.010,56 €;0,00 €;-14.440,68 €;5.812.013,74 €
2023-06-30;2.732,12 €;16.373,41 €;1.000.000,00 €;-1.013.641,29 €;4.798.372,45 €
2023-07-01;102.390,33 €;26.720,66 €;0,00 €;75.669,67 €;4.874.042,13 €
2023-07-02;103.975,82 €;25.084,96 €;0,00 €;78.890,86 €;4.952.932,99 €
2023-07-03;62.362,66 €;26.746,72 €;0,00 €;35.615,93 €;4.988.548,92 €
2023-07-04;75.239,24 €;24.312,88 €;0,00 €;50.926,36 €;5.039.475,29 €
2023-07-05;76.600,06 €;25.080,77 €;1.200.000,00 €;-1.148.480,71 €;3.890.994,58 €
2023-07-06;78.830,41 €;27.539,61 €;0,00 €;51.290,81 €;3.942.285,38 €
2023-07-07;71.575,31 €;27.348,56 €;0,00 €;44.226,75 €;3.986.512,13 €
2023-07-08;112.054,29 €;23.636,18 €;0,00 €;88.418,11 €;4.074.930,24 €
2023-07-09;79.612,02 €;23.888,95 €;0,00 €;55.723,07 €;4.130.653,31 €
2023-07-10;64.796,75 €;25.817,40 €;0,00 €;38.979,34 €;4.169.632,65 €
2023-07-11;60.403,96 €;29.052,26 €;0,00 €;31.351,69 €;4.200.984,34 €
2023-07-12;68.293,81 €;21.768,87 €;0,00 €;46.524,94 €;4.247.509,28 €
2023-07-13;62.768,41 €;26.156,67 €;0,00 €;36.611,74 €;4.284.121,02 €
2023-07-14;66.010,74 €;22.847,91 €;0,00 €;43.162,82 €;4.327.283,85 €
2023-07-15;117.241,75 €;24.331,34 €;0,00 €;92.910,41 €;4.420.194,26 €
2023-07-16;96.722,80 €;24.871,14 €;0,00 €;71.851,66 €;4.492.045,92 €
2023-07-17;70.650,34 €;24.758,98 €;0,00 €;45.891,36 €;4.537.937,27 €
2023-07-18;65.481,85 €;24.532,41 €;0,00 €;40.949,44 €;4.578.886,71 €
2023-07-19;67.945,71 €;25.614,41 €;0,00 €;42.331,29 €;4.621.218,00 €
2023-07-20;67.388,13 €;24.529,49 €;400.000,00 €;-357.141,36 €;4.264.076,65 €
2023-07-21;70.926,59 €;22.675,09 €;0,00 €;48.251,51 €;4.312.328,15 €
2023-07-22;110.073,08 €;27.159,74 €;0,00 €;82.913,34 €;4.395.241,49 €
2023-07-23;114.893,94 €;27.105,74 €;0,00 €;87.788,20 €;4.483.029,68 €
2023-07-24;69.816,96 €;27.286,35 €;0,00 €;42.530,61 €;4.525.560,30 €
2023-07-25;72.056,38 €;22.518,53 €;0,00 €;49.537,84 €;4.575.098,14 €
2023-07-26;58.133,08 €;26.197,84 €;0,00 €;31.935,25 €;4.607.033,39 €
2023-07-27;66.636,99 €;26.951,96 €;0,00 €;39.685,03 €;4.646.718,42 €
2023-07-28;74.862,32 €;23.537,60 €;350.000,00 €;-298.675,28 €;4.348.043,14 €
2023-07-29;107.079,69 €;25.618,35 €;0,00 €;81.461,34 €;4.429.504,48 €
2023-07-30;100.536,10 €;25.367,47 €;0,00 €;75.168,63 €;4.504.673,11 €
2023-07-31;74.431,15 €;29.284,30 €;0,00 €;45.146,85 €;4.549.819,96 €
2023-08-01;71.266,13 €;29.448,99 €;0,00 €;41.817,14 €;4.591.637,10 €
2023-08-02;76.942,45 €;22.271,29 €;0,00 €;54.671,16 €;4.646.308,26 €
2023-08-03;69.654,87 €;30.587,85 €;0,00 €;39.067,02 €;4.685.375,28 €
2023-08-04;64.494,41 €;23.769,55 €;0,00 €;40.724,86 €;4.726.100,15 €
2023-08-05;101.778,41 €;27.561,35 €;1.200.000,00 €;-1.125.782,93 €;3.600.317,21 €
2023-08-06;69.114,06 €;27.541,00 €;0,00 €;41.573,06 €;3.641.890,27 €
2023-08-07;70.403,09 €;23.608,62 €;0,00 €;46.794,47 €;3.688.684,74 €
2023-08-08;38.152,70 €;26.586,54 €;0,00 €;11.566,16 €;3.700.250,90 €
2023-08-09;53.552,29 €;25.384,93 €;0,00 €;28.167,36 €;3.728.418,26 €
2023-08-10;70.954,15 €;26.708,66 €;0,00 €;44.245,49 €;3.772.663,75 €
2023-08-11;71.160,23 €;26.061,34 €;0,00 €;45.098,89 €;3.817.762,64 €
2023-08-12;86.795,71 €;27.992,68 €;0,00 €;58.803,03 €;3.876.565,67 €
2023-08-13;91.298,98 €;25.750,80 €;0,00 €;65.548,18 €;3.942.113,85 €
2023-08-14;78.304,33 €;25.264,25 €;0,00 €;53.040,08 €;3.995.153,93 €
2023-08-15;63.467,76 €;27.792,13 €;0,00 €;35.675,63 €;4.030.829,56 €
2023-08-16;85.283,36 €;26.760,79 €;0,00 €;58.522,57 €;4.089.352,13 €
2023-08-17;67.324,64 €;27.063,63 €;0,00 €;40.261,01 €;4.129.613,14 €
2023-08-18;70.604,29 €;24.270,83 €;0,00 €;46.333,46 €;4.175.946,61 €
2023-08-19;114.588,74 €;23.509,47 €;0,00 €;91.079,27 €;4.267.025,88 €
2023-08-20;99.730,27 €;24.464,56 €;0,00 €;75.265,72 €;4.342.291,59 €
2023-08-21;59.321,25 €;24.358,36 €;0,00 €;34.962,89 €;4.377.254,48 €
2023-08-22;66.462,18 €;27.172,40 €;0,00 €;39.289,78 €;4.416.544,26 €
2023-08-23;67.055,11 €;27.551,97 €;0,00 €;39.503,15 €;4.456.047,41 €
2023-08-24;56.422,07 €;25.289,74 €;0,00 €;31.132,33 €;4.487.179,74 €
2023-08-25;65.293,34 €;28.461,84 €;0,00 €;36.831,51 €;4.524.011,24 €
2023-08-26;90.998,08 €;28.336,94 €;0,00 €;62.661,14 €;4.586.672,38 €
2023-08-27;107.663,58 €;26.086,80 €;0,00 €;81.576,78 €;4.668.249,16 €
2023-08-28;67.616,89 €;23.956,22 €;350.000,00 €;-306.339,32 €;4.361.909,84 €
2023-08-29;65.077,63 €;28.750,75 €;0,00 €;36.326,88 €;4.398.236,72 €
2023-08-30;66.490,54 €;25.477,97 €;0,00 €;41.012,58 €;4.439.249,30 €
2023-08-31;69.124,98 €;25.852,33 €;0,00 €;43.272,65 €;4.482.521,95 €
2023-09-01;497.040,71 €;14.850,59 €;0,00 €;482.190,12 €;4.964.712,07 €
2023-09-02;416.214,39 €;14.025,31 €;0,00 €;402.189,07 €;5.366.901,14 €
2023-09-03;414.120,62 €;13.157,04 €;0,00 €;400.963,58 €;5.767.864,72 €
2023-09-04;521.433,96 €;16.309,30 €;0,00 €;505.124,66 €;6.272.989,38 €
2023-09-05;445.583,16 €;14.184,90 €;1.200.000,00 €;-768.601,74 €;5.504.387,63 €
2023-09-06;2.399,58 €;19.949,30 €;0,00 €;-17.549,72 €;5.486.837,92 €
2023-09-07;3.329,91 €;13.730,89 €;0,00 €;-10.400,98 €;5.476.436,93 €
2023-09-08;3.339,68 €;13.473,93 €;0,00 €;-10.134,24 €;5.466.302,69 €
2023-09-09;2.342,64 €;16.125,21 €;0,00 €;-13.782,57 €;5.452.520,13 €
2023-09-10;3.222,74 €;17.653,97 €;0,00 €;-14.431,23 €;5.438.088,90 €
2023-09-11;3.475,79 €;15.456,88 €;0,00 €;-11.981,09 €;5.426.107,80 €
2023-09-12;3.295,19 €;16.218,36 €;0,00 €;-12.923,17 €;5.413.184,63 €
2023-09-13;3.423,99 €;12.594,68 €;0,00 €;-9.170,69 €;5.404.013,94 €
2023-09-14;2.405,87 €;14.343,73 €;0,00 €;-11.937,87 €;5.392.076,08 €
2023-09-15;3.273,52 €;13.749,58 €;0,00 €;-10.476,06 €;5.381.600,02 €
2023-09-16;2.956,69 €;12.517,43 €;0,00 €;-9.560,74 €;5.372.039,28 €
2023-09-17;2.866,60 €;15.535,47 €;0,00 €;-12.668,87 €;5.359.370,41 €
2023-09-18;3.543,28 €;11.995,76 €;0,00 €;-8.452,48 €;5.350.917,93 €
2023-09-19;3.847,64 €;13.376,71 €;0,00 €;-9.529,07 €;5.341.388,86 €
2023-09-20;4.005,19 €;14.554,21 €;0,00 €;-10.549,02 €;5.330.839,84 €
2023-09-21;3.765,40 €;14.113,07 €;0,00 €;-10.347,67 €;5.320.492,17 €
2023-09-22;3.053,13 €;15.954,61 €;0,00 €;-12.901,48 €;5.307.590,69 €
2023-09-23;3.284,36 €;15.818,37 €;0,00 €;-12.534,01 €;5.295.056,68 €
2023-09-24;3.491,41 €;16.700,70 €;0,00 €;-13.209,29 €;5.281.847,40 €
2023-09-25;3.168,59 €;16.488,58 €;0,00 €;-13.319,99 €;5.268.527,41 €
2023-09-26;3.173,38 €;17.071,22 €;0,00 €;-13.897,84 €;5.254.629,57 €
2023-09-27;3.519,88 €;15.357,12 €;0,00 €;-11.837,25 €;5.242.792,33 €
2023-09-28;3.078,36 €;15.815,20 €;350.000,00 €;-362.736,84 €;4.880.055,48 €
2023-09-29;2.743,36 €;16.127,27 €;0,00 €;-13.383,91 €;4.866.671,57 €
2023-09-30;2.900,76 €;15.572,49 €;0,00 €;-12.671,72 €;4.853.999,85 €
2023-10-01;497.895,52 €;14.764,21 €;0,00 €;483.131,31 €;5.337.131,16 €
2023-10-02;466.349,66 €;14.861,34 €;0,00 €;451.488,33 €;5.788.619,49 €
2023-10-03;483.210,50 €;14.133,66 €;0,00 €;469.076,84 €;6.257.696,32 €
2023-10-04;499.703,96 €;15.992,43 €;0,00 €;483.711,54 €;6.741.407,86 €
2023-10-05;447.457,93 €;15.218,98 €;1.200.000,00 €;-767.761,05 €;5.973.646,81 €
2023-10-06;3.486,12 €;14.365,24 €;0,00 €;-10.879,12 €;5.962.767,70 €
2023-10-07;3.297,42 €;14.366,63 €;0,00 €;-11.069,21 €;5.951.698,48 €
2023-10-08;2.490,59 €;13.544,40 €;0,00 €;-11.053,81 €;5.940.644,68 €
2023-10-09;3.829,15 €;16.828,26 €;0,00 €;-12.999,11 €;5.927.645,57 €
2023-10-10;2.857,63 €;15.477,93 €;0,00 €;-12.620,30 €;5.915.025,27 €
2023-10-11;2.280,45 €;14.065,80 €;0,00 €;-11.785,35 €;5.903.239,92 €
2023-10-12;2.585,48 €;16.572,82 €;0,00 €;-13.987,34 €;5.889.252,58 €
2023-10-13;2.597,48 €;14.519,33 €;0,00 €;-11.921,85 €;5.877.330,73 €
2023-10-14;3.134,09 €;13.250,25 €;0,00 €;-10.116,16 €;5.867.214,56 €
2023-10-15;2.971,07 €;16.891,83 €;0,00 €;-13.920,76 €;5.853.293,81 €
2023-10-16;2.939,58 €;14.554,35 €;0,00 €;-11.614,77 €;5.841.679,04 €
2023-10-17;3.417,85 €;14.746,65 €;0,00 €;-11.328,80 €;5.830.350,23 €
2023-10-18;3.277,94 €;15.421,77 €;0,00 €;-12.143,83 €;5.818.206,40 €
2023-10-19;3.266,02 €;17.073,88 €;0,00 €;-13.807,86 €;5.804.398,54 €
2023-10-20;3.312,91 €;15.390,06 €;400.000,00 €;-412.077,14 €;5.392.321,40 €
2023-10-21;3.416,07 €;13.561,32 €;0,00 €;-10.145,26 €;5.382.176,14 €
2023-10-22;2.054,02 €;16.175,82 €;0,00 €;-14.121,79 €;5.368.054,35 €
2023-10-23;2.925,78 €;14.632,52 €;0,00 €;-11.706,73 €;5.356.347,62 €
2023-10-24;2.017,89 €;18.191,89 €;0,00 €;-16.173,99 €;5.340.173,63 €
2023-10-25;3.126,03 €;15.358,32 €;0,00 €;-12.232,29 €;5.327.941,34 €
2023-10-26;3.105,68 €;12.007,45 €;0,00 €;-8.901,76 €;5.319.039,57 €
2023-10-27;3.630,77 €;15.896,05 €;0,00 €;-12.265,28 €;5.306.774,29 €
2023-10-28;3.701,82 €;18.276,90 €;350.000,00 €;-364.575,08 €;4.942.199,21 €
2023-10-29;3.209,39 €;17.723,88 €;0,00 €;-14.514,49 €;4.927.684,72 €
2023-10-30;2.857,82 €;18.106,43 €;0,00 €;-15.248,61 €;4.912.436,11 €
2023-10-31;3.350,58 €;13.830,36 €;0,00 €;-10.479,78 €;4.901.956,33 €
2023-11-01;439.804,12 €;16.728,23 €;0,00 €;423.075,89 €;5.325.032,22 €
2023-11-02;466.130,37 €;14.277,01 €;0,00 €;451.853,36 €;5.776.885,58 €
2023-11-03;515.506,82 €;15.696,43 €;0,00 €;499.810,38 €;6.276.695,96 €
2023-11-04;438.311,43 €;13.450,57 €;0,00 €;424.860,86 €;6.701.556,82 €
2023-11-05;506.483,93 €;14.393,32 €;1.200.000,00 €;-707.909,38 €;5.993.647,44 €
2023-11-06;3.446,70 €;14.345,63 €;0,00 €;-10.898,93 €;5.982.748,51 €
2023-11-07;2.630,60 €;16.707,83 €;0,00 €;-14.077,23 €;5.968.671,28 €
2023-11-08;3.594,95 €;16.561,08 €;0,00 €;-12.966,13 €;5.955.705,15 €
2023-11-09;3.457,28 €;15.775,23 €;0,00 €;-12.317,95 €;5.943.387,20 €
2023-11-10;3.158,96 €;13.334,37 €;0,00 €;-10.175,40 €;5.933.211,79 €
2023-11-11;2.726,84 €;14.892,54 €;0,00 €;-12.165,70 €;5.921.046,09 €
2023-11-12;2.678,40 €;14.240,83 €;0,00 €;-11.562,43 €;5.909.483,66 €
2023-11-13;2.839,17 €;16.664,51 €;0,00 €;-13.825,34 €;5.895.658,32 €
2023-11-14;3.379,30 €;17.127,28 €;0,00 €;-13.747,98 €;5.881.910,34 €
2023-11-15;2.630,19 €;16.944,58 €;0,00 €;-14.314,39 €;5.867.595,95 €
2023-11-16;3.326,76 €;14.227,17 €;0,00 €;-10.900,41 €;5.856.695,53 €
2023-11-17;2.487,12 €;11.250,70 €;0,00 €;-8.763,58 €;5.847.931,95 €
2023-11-18;3.005,97 €;12.709,56 €;0,00 €;-9.703,59 €;5.838.228,36 €
2023-11-19;3.162,82 €;17.492,44 €;0,00 €;-14.329,62 €;5.823.898,75 €
2023-11-20;4.330,57 €;14.758,12 €;0,00 €;-10.427,55 €;5.813.471,19 €
2023-11-21;2.419,34 €;14.233,91 €;0,00 €;-11.814,57 €;5.801.656,62 €
2023-11-22;3.844,01 €;17.823,99 €;0,00 €;-13.979,98 €;5.787.676,64 €
2023-11-23;3.182,92 €;17.257,74 €;0,00 €;-14.074,82 €;5.773.601,82 €
2023-11-24;3.313,59 €;15.396,67 €;0,00 €;-12.083,09 €;5.761.518,73 €
2023-11-25;3.167,17 €;14.919,90 €;0,00 €;-11.752,72 €;5.749.766,01 €
2023-11-26;3.330,36 €;15.161,85 €;0,00 €;-11.831,48 €;5.737.934,53 €
2023-11-27;3.031,16 €;15.700,74 €;0,00 €;-12.669,59 €;5.725.264,94 €
2023-11-28;3.835,03 €;17.760,07 €;350.000,00 €;-363.925,05 €;5.361.339,90 €
2023-11-29;2.879,76 €;15.993,70 €;0,00 €;-13.113,94 €;5.348.225,96 €
2023-11-30;3.674,12 €;16.449,04 €;0,00 €;-12.774,93 €;5.335.451,03 €
2023-12-01;433.981,64 €;17.113,91 €;0,00 €;416.867,74 €;5.752.318,77 €
2023-12-02;463.187,41 €;13.605,49 €;0,00 €;449.581,92 €;6.201.900,69 €
2023-12-03;412.601,87 €;16.492,29 €;0,00 €;396.109,58 €;6.598.010,27 €
2023-12-04;488.951,19 €;14.918,15 €;0,00 €;474.033,04 €;7.072.043,31 €
2023-12-05;538.456,30 €;11.585,86 €;1.200.000,00 €;-673.129,56 €;6.398.913,75 €
2023-12-06;3.069,32 €;12.167,75 €;0,00 €;-9.098,42 €;6.389.815,33 €
2023-12-07;3.009,56 €;13.832,82 €;0,00 €;-10.823,27 €;6.378.992,06 €
2023-12-08;2.550,69 €;16.156,83 €;0,00 €;-13.606,14 €;6.365.385,92 €
2023-12-09;2.993,35 €;15.530,70 €;0,00 €;-12.537,35 €;6.352.848,57 €
2023-12-10;2.311,60 €;15.636,55 €;0,00 €;-13.324,95 €;6.339.523,63 €
2023-12-11;2.651,56 €;18.286,42 €;0,00 €;-15.634,85 €;6.323.888,77 €
2023-12-12;3.221,39 €;13.456,37 €;0,00 €;-10.234,97 €;6.313.653,80 €
2023-12-13;3.767,51 €;15.318,85 €;0,00 €;-11.551,34 €;6.302.102,46 €
2023-12-14;4.512,61 €;15.816,65 €;0,00 €;-11.304,05 €;6.290.798,41 €
2023-12-15;2.814,71 €;14.255,59 €;0,00 €;-11.440,88 €;6.279.357,52 €
2023-12-16;3.825,65 €;15.402,49 €;0,00 €;-11.576,84 €;6.267.780,68 €
2023-12-17;3.229,88 €;12.960,08 €;0,00 €;-9.730,20 €;6.258.050,49 €
2023-12-18;3.032,38 €;17.474,86 €;0,00 €;-14.442,48 €;6.243.608,00 €
2023-12-19;3.324,30 €;14.337,58 €;0,00 €;-11.013,28 €;6.232.594,72 €
2023-12-20;3.138,96 €;18.407,10 €;0,00 €;-15.268,14 €;6.217.326,58 €
2023-12-21;3.163,20 €;15.311,29 €;0,00 €;-12.148,09 €;6.205.178,49 €
2023-12-22;2.903,83 €;16.902,08 €;0,00 €;-13.998,25 €;6.191.180,24 €
2023-12-23;2.408,95 €;15.280,05 €;0,00 €;-12.871,10 €;6.178.309,14 €
2023-12-24;2.336,19 €;15.313,88 €;0,00 €;-12.977,70 €;6.165.331,44 €
2023-12-25;3.434,62 €;14.483,96 €;0,00 €;-11.049,33 €;6.154.282,11 €
2023-12-26;2.969,65 €;15.538,69 €;0,00 €;-12.569,04 €;6.141.713,07 €
2023-12-27;2.809,96 €;15.837,00 €;0,00 €;-13.027,04 €;6.128.686,03 €
2023-12-28;3.112,25 €;14.183,61 €;350.000,00 €;-361.071,36 €;5.767.614,67 €
2023-12-29;3.505,47 €;15.172,43 €;0,00 €;-11.666,97 €;5.755.947,71 €
2023-12-30;3.198,18 €;14.444,85 €;0,00 €;-11.246,67 €;5.744.701,04 €
2023-12-31;2.779,97 €;18.809,50 €;0,00 €;-16.029,52 €;5.728.671,51 €
2024-01-01;535.614,65 €;15.405,40 €;0,00 €;520.209,24 €;6.248.880,76 €
2024-01-02;553.259,28 €;17.857,85 €;0,00 €;535.401,43 €;6.784.282,18 €
2024-01-03;499.027,83 €;15.246,57 €;0,00 €;483.781,27 €;7.268.063,45 €
2024-01-04;522.983,18 €;15.928,93 €;0,00 €;507.054,24 €;7.775.117,69 €
2024-01-05;536.398,00 €;13.557,95 €;1.200.000,00 €;-677.159,95 €;7.097.957,74 €
2024-01-06;3.727,05 €;14.869,39 €;0,00 €;-11.142,34 €;7.086.815,40 €
2024-01-07;3.469,05 €;15.855,80 €;0,00 €;-12.386,75 €;7.074.428,65 €
2024-01-08;3.461,17 €;17.919,01 €;0,00 €;-14.457,83 €;7.059.970,81 €
2024-01-09;3.421,83 €;15.872,97 €;0,00 €;-12.451,14 €;7.047.519,67 €
2024-01-10;2.613,33 €;17.615,58 €;0,00 €;-15.002,25 €;7.032.517,42 €
2024-01-11;3.512,36 €;16.501,09 €;0,00 €;-12.988,73 €;7.019.528,69 €
2024-01-12;2.484,09 €;17.981,10 €;0,00 €;-15.497,01 €;7.004.031,68 €
2024-01-13;2.764,70 €;15.451,44 €;0,00 €;-12.686,74 €;6.991.344,94 €
2024-01-14;3.813,78 €;19.125,33 €;0,00 €;-15.311,55 €;6.976.033,39 €
2024-01-15;3.582,11 €;14.811,91 €;0,00 €;-11.229,80 €;6.964.803,60 €
2024-01-16;3.905,70 €;14.390,31 €;0,00 €;-10.484,61 €;6.954.318,99 €
2024-01-17;3.026,16 €;13.724,92 €;0,00 €;-10.698,76 €;6.943.620,23 €
2024-01-18;2.585,88 €;19.036,54 €;0,00 €;-16.450,66 €;6.927.169,57 €
2024-01-19;3.041,78 €;16.769,17 €;0,00 €;-13.727,39 €;6.913.442,18 €
2024-01-20;3.213,02 €;15.038,82 €;400.000,00 €;-411.825,80 €;6.501.616,37 €
2024-01-21;3.201,49 €;17.413,53 €;0,00 €;-14.212,04 €;6.487.404,33 €
2024-01-22;3.728,84 €;16.571,54 €;0,00 €;-12.842,70 €;6.474.561,64 €
2024-01-23;2.981,36 €;18.489,19 €;0,00 €;-15.507,83 €;6.459.053,81 €
2024-01-24;3.338,02 €;13.218,25 €;0,00 €;-9.880,23 €;6.449.173,58 €
2024-01-25;2.667,69 €;15.141,96 €;0,00 €;-12.474,27 €;6.436.699,30 €
2024-01-26;3.387,16 €;14.846,22 €;0,00 €;-11.459,06 €;6.425.240,24 €
2024-01-27;3.163,55 €;12.579,48 €;0,00 €;-9.415,92 €;6.415.824,32 €
2024-01-28;2.787,09 €;17.130,49 €;350.000,00 €;-364.343,40 €;6.051.480,93 €
2024-01-29;3.044,09 €;15.134,41 €;0,00 €;-12.090,32 €;6.039.390,61 €
2024-01-30;3.069,91 €;16.649,45 €;0,00 €;-13.579,53 €;6.025.811,07 €
2024-01-31;3.026,92 €;19.079,66 €;0,00 €;-16.052,74 €;6.009.758,34 €
2024-02-01;562.867,06 €;15.010,13 €;0,00 €;547.856,93 €;6.557.615,26 €
2024-02-02;469.377,70 €;14.908,27 €;0,00 €;454.469,43 €;7.012.084,69 €
2024-02-03;462.105,19 €;15.718,00 €;0,00 €;446.387,20 €;7.458.471,89 €
2024-02-04;369.427,45 €;17.020,87 €;0,00 €;352.406,58 €;7.810.878,47 €
2024-02-05;429.589,63 €;14.689,93 €;1.200.000,00 €;-785.100,30 €;7.025.778,17 €
2024-02-06;3.030,46 €;14.593,56 €;0,00 €;-11.563,09 €;7.014.215,08 €
2024-02-07;2.819,07 €;17.125,78 €;0,00 €;-14.306,71 €;6.999.908,37 €
2024-02-08;3.852,85 €;16.107,96 €;0,00 €;-12.255,11 €;6.987.653,26 €
2024-02-09;3.079,53 €;12.472,91 €;0,00 €;-9.393,38 €;6.978.259,89 €
2024-02-10;3.806,22 €;13.701,91 €;0,00 €;-9.895,69 €;6.968.364,20 €
2024-02-11;3.192,85 €;17.791,85 €;0,00 €;-14.599,00 €;6.953.765,20 €
2024-02-12;3.180,61 €;16.142,89 €;0,00 €;-12.962,28 €;6.940.802,92 €
2024-02-13;3.117,60 €;14.396,71 €;0,00 €;-11.279,10 €;6.929.523,81 €
2024-02-14;3.163,90 €;15.284,39 €;0,00 €;-12.120,49 €;6.917.403,33 €
2024-02-15;4.021,40 €;15.559,86 €;0,00 €;-11.538,46 €;6.905.864,87 €
2024-02-16;2.002,19 €;16.643,60 €;0,00 €;-14.641,41 €;6.891.223,46 €
2024-02-17;2.161,23 €;13.502,60 €;0,00 €;-11.341,38 €;6.879.882,08 €
2024-02-18;2.890,41 €;14.278,58 €;0,00 €;-11.388,16 €;6.868.493,92 €
2024-02-19;3.169,26 €;15.949,43 €;0,00 €;-12.780,17 €;6.855.713,75 €
2024-02-20;3.507,05 €;15.390,25 €;0,00 €;-11.883,20 €;6.843.830,56 €
2024-02-21;3.398,54 €;16.397,79 €;0,00 €;-12.999,25 €;6.830.831,31 €
2024-02-22;2.969,88 €;13.695,74 €;0,00 €;-10.725,86 €;6.820.105,45 €
2024-02-23;3.671,52 €;16.075,69 €;0,00 €;-12.404,17 €;6.807.701,28 €
2024-02-24;3.677,10 €;17.177,38 €;0,00 €;-13.500,28 €;6.794.201,00 €
2024-02-25;3.254,03 €;16.270,23 €;0,00 €;-13.016,20 €;6.781.184,80 €
2024-02-26;3.643,33 €;15.748,67 €;0,00 €;-12.105,34 €;6.769.079,46 €
2024-02-27;3.298,32 €;15.396,17 €;0,00 €;-12.097,85 €;6.756.981,61 €
2024-02-28;2.881,26 €;14.287,72 €;350.000,00 €;-361.406,46 €;6.395.575,15 €
2024-02-29;3.510,91 €;15.432,00 €;0,00 €;-11.921,09 €;6.383.654,05 €
2024-03-01;479.830,66 €;17.429,56 €;0,00 €;462.401,10 €;6.846.055,15 €
2024-03-02;474.366,99 €;15.361,46 €;0,00 €;459.005,54 €;7.305.060,69 €
2024-03-03;547.947,68 €;14.205,29 €;0,00 €;533.742,38 €;7.838.803,07 €
2024-03-04;351.756,39 €;14.801,63 €;0,00 €;336.954,76 €;8.175.757,83 €
2024-03-05;403.415,79 €;15.841,28 €;1.200.000,00 €;-812.425,48 €;7.363.332,35 €
2024-03-06;2.568,46 €;14.979,73 €;0,00 €;-12.411,26 €;7.350.921,09 €
2024-03-07;2.980,37 €;16.267,95 €;0,00 €;-13.287,59 €;7.337.633,50 €
2024-03-08;3.034,70 €;16.324,27 €;0,00 €;-13.289,57 €;7.324.343,93 €
2024-03-09;2.408,34 €;16.873,47 €;0,00 €;-14.465,14 €;7.309.878,79 €
2024-03-10;2.669,42 €;17.675,34 €;0,00 €;-15.005,92 €;7.294.872,88 €
2024-03-11;2.731,58 €;17.033,79 €;0,00 €;-14.302,21 €;7.280.570,67 €
2024-03-12;4.390,71 €;14.138,64 €;0,00 €;-9.747,93 €;7.270.822,74 €
2024-03-13;4.062,87 €;14.184,70 €;0,00 €;-10.121,83 €;7.260.700,91 €
2024-03-14;2.956,13 €;15.426,34 €;0,00 €;-12.470,22 €;7.248.230,69 €
2024-03-15;2.980,21 €;14.863,24 €;0,00 €;-11.883,03 €;7.236.347,66 €
2024-03-16;2.587,40 €;13.832,51 €;0,00 €;-11.245,11 €;7.225.102,55 €
2024-03-17;2.207,93 €;14.877,46 €;0,00 €;-12.669,53 €;7.212.433,02 €
2024-03-18;3.103,56 €;14.828,23 €;0,00 €;-11.724,67 €;7.200.708,35 €
2024-03-19;2.663,07 €;14.532,23 €;0,00 €;-11.869,15 €;7.188.839,20 €
2024-03-20;3.119,57 €;15.066,32 €;0,00 €;-11.946,74 €;7.176.892,46 €
2024-03-21;2.361,90 €;17.307,68 €;0,00 €;-14.945,78 €;7.161.946,68 €
2024-03-22;2.781,01 €;15.838,86 €;0,00 €;-13.057,84 €;7.148.888,83 €
2024-03-23;3.236,31 €;19.247,71 €;0,00 €;-16.011,40 €;7.132.877,43 €
2024-03-24;3.345,10 €;15.795,76 €;0,00 €;-12.450,66 €;7.120.426,78 €
2024-03-25;3.370,74 €;15.104,90 €;0,00 €;-11.734,17 €;7.108.692,61 €
2024-03-26;2.501,76 €;15.546,20 €;0,00 €;-13.044,44 €;7.095.648,17 €
2024-03-27;3.589,34 €;15.924,74 €;0,00 €;-12.335,40 €;7.083.312,77 €
2024-03-28;2.761,89 €;16.192,88 €;350.000,00 €;-363.430,99 €;6.719.881,79 €
2024-03-29;3.478,43 €;18.655,07 €;0,00 €;-15.176,64 €;6.704.705,15 €
2024-03-30;3.156,68 €;14.272,02 €;0,00 €;-11.115,34 €;6.693.589,81 €
2024-03-31;2.473,81 €;16.828,57 €;0,00 €;-14.354,76 €;6.679.235,05 €
2024-04-01;458.490,11 €;15.851,63 €;0,00 €;442.638,49 €;7.121.873,54 €
2024-04-02;492.568,19 €;13.183,35 €;0,00 €;479.384,83 €;7.601.258,37 €
2024-04-03;504.948,27 €;16.696,05 €;0,00 €;488.252,22 €;8.089.510,59 €
2024-04-04;467.250,61 €;17.441,44 €;0,00 €;449.809,17 €;8.539.319,76 €
2024-04-05;550.888,94 €;14.254,24 €;1.200.000,00 €;-663.365,29 €;7.875.954,47 €
2024-04-06;3.665,76 €;15.526,60 €;0,00 €;-11.860,84 €;7.864.093,63 €
2024-04-07;3.033,67 €;12.951,97 €;0,00 €;-9.918,30 €;7.854.175,33 €
2024-04-08;3.537,06 €;13.651,79 €;0,00 €;-10.114,73 €;7.844.060,60 €
2024-04-09;4.128,90 €;17.112,04 €;0,00 €;-12.983,15 €;7.831.077,45 €
2024-04-10;4.142,24 €;14.840,38 €;0,00 €;-10.698,13 €;7.820.379,32 €
2024-04-11;2.548,00 €;13.876,80 €;0,00 €;-11.328,80 €;7.809.050,52 €
2024-04-12;2.698,73 €;15.884,19 €;0,00 €;-13.185,46 €;7.795.865,07 €
2024-04-13;3.904,46 €;14.756,38 €;0,00 €;-10.851,92 €;7.785.013,14 €
2024-04-14;2.632,86 €;14.833,77 €;0,00 €;-12.200,91 €;7.772.812,24 €
2024-04-15;2.500,73 €;16.648,99 €;0,00 €;-14.148,26 €;7.758.663,98 €
2024-04-16;2.918,90 €;13.797,40 €;0,00 €;-10.878,50 €;7.747.785,48 €
2024-04-17;3.372,11 €;14.181,95 €;0,00 €;-10.809,84 €;7.736.975,64 €
2024-04-18;3.110,80 €;15.771,12 €;0,00 €;-12.660,32 €;7.724.315,32 €
2024-04-19;2.836,72 €;16.994,11 €;0,00 €;-14.157,40 €;7.710.157,93 €
2024-04-20;2.824,89 €;17.397,24 €;400.000,00 €;-414.572,35 €;7.295.585,58 €
2024-04-21;2.805,83 €;14.542,41 €;0,00 €;-11.736,58 €;7.283.849,00 €
2024-04-22;2.722,25 €;16.946,07 €;0,00 €;-14.223,82 €;7.269.625,18 €
2024-04-23;4.302,82 €;14.363,79 €;0,00 €;-10.060,97 €;7.259.564,21 €
2024-04-24;3.310,76 €;18.279,31 €;0,00 €;-14.968,56 €;7.244.595,66 €
2024-04-25;3.605,38 €;13.839,34 €;0,00 €;-10.233,96 €;7.234.361,69 €
2024-04-26;2.917,46 €;17.532,72 €;0,00 €;-14.615,26 €;7.219.746,43 €
2024-04-27;3.069,02 €;14.555,27 €;0,00 €;-11.486,25 €;7.208.260,18 €
2024-04-28;2.805,22 €;18.559,87 €;350.000,00 €;-365.754,65 €;6.842.505,54 €
2024-04-29;1.836,15 €;16.426,98 €;0,00 €;-14.590,84 €;6.827.914,70 €
2024-04-30;2.473,00 €;14.015,98 €;0,00 €;-11.542,98 €;6.816.371,72 €
2024-05-01;383.769,07 €;14.756,64 €;0,00 €;369.012,42 €;7.185.384,15 €
2024-05-02;361.810,81 €;16.711,77 €;0,00 €;345.099,04 €;7.530.483,19 €
2024-05-03;414.532,05 €;17.118,97 €;0,00 €;397.413,08 €;7.927.896,27 €
2024-05-04;540.547,78 €;15.433,93 €;0,00 €;525.113,86 €;8.453.010,13 €
2024-05-05;472.078,19 €;15.606,99 €;1.200.000,00 €;-743.528,80 €;7.709.481,33 €
2024-05-06;3.807,28 €;16.677,53 €;0,00 €;-12.870,25 €;7.696.611,08 €
2024-05-07;3.367,49 €;15.737,70 €;0,00 €;-12.370,21 €;7.684.240,88 €
2024-05-08;3.553,28 €;13.599,74 €;0,00 €;-10.046,46 €;7.674.194,42 €
2024-05-09;2.711,55 €;14.320,54 €;0,00 €;-11.608,99 €;7.662.585,43 €
2024-05-10;3.423,98 €;15.892,68 €;0,00 €;-12.468,70 €;7.650.116,72 €
2024-05-11;3.526,36 €;17.363,22 €;0,00 €;-13.836,87 €;7.636.279,86 €
2024-05-12;2.873,68 €;17.963,97 €;0,00 €;-15.090,30 €;7.621.189,56 €
2024-05-13;3.441,77 €;16.709,29 €;0,00 €;-13.267,52 €;7.607.922,04 €
2024-05-14;3.445,09 €;15.970,94 €;0,00 €;-12.525,84 €;7.595.396,19 €
2024-05-15;2.887,22 €;16.663,22 €;0,00 €;-13.776,00 €;7.581.620,20 €
2024-05-16;2.600,62 €;14.539,87 €;0,00 €;-11.939,26 €;7.569.680,94 €
2024-05-17;2.569,94 €;15.310,15 €;0,00 €;-12.740,22 €;7.556.940,72 €
2024-05-18;3.205,25 €;14.303,80 €;0,00 €;-11.098,55 €;7.545.842,17 €
2024-05-19;3.325,50 €;13.666,89 €;0,00 €;-10.341,38 €;7.535.500,79 €
2024-05-20;2.765,74 €;16.040,32 €;0,00 €;-13.274,59 €;7.522.226,20 €
2024-05-21;3.175,29 €;15.818,27 €;0,00 €;-12.642,98 €;7.509.583,22 €
2024-05-22;3.447,27 €;16.571,48 €;0,00 €;-13.124,21 €;7.496.459,01 €
2024-05-23;3.471,10 €;16.359,17 €;0,00 €;-12.888,07 €;7.483.570,94 €
2024-05-24;3.937,94 €;15.903,97 €;0,00 €;-11.966,03 €;7.471.604,92 €
2024-05-25;3.800,49 €;16.374,92 €;0,00 €;-12.574,43 €;7.459.030,48 €
2024-05-26;2.661,35 €;15.475,98 €;0,00 €;-12.814,62 €;7.446.215,86 €
2024-05-27;4.003,79 €;16.159,34 €;0,00 €;-12.155,54 €;7.434.060,32 €
2024-05-28;2.896,51 €;14.450,78 €;350.000,00 €;-361.554,27 €;7.072.506,04 €
2024-05-29;3.684,44 €;16.094,56 €;0,00 €;-12.410,12 €;7.060.095,92 €
2024-05-30;3.195,99 €;16.542,63 €;0,00 €;-13.346,63 €;7.046.749,29 €
2024-05-31;2.955,93 €;14.535,48 €;0,00 €;-11.579,55 €;7.035.169,74 €
2024-06-01;383.915,16 €;15.617,75 €;0,00 €;368.297,41 €;7.403.467,14 €
2024-06-02;465.721,77 €;14.604,60 €;0,00 €;451.117,18 €;7.854.584,32 €
2024-06-03;396.330,84 €;14.750,24 €;0,00 €;381.580,60 €;8.236.164,92 €
2024-06-04;522.664,96 €;13.852,61 €;0,00 €;508.812,36 €;8.744.977,28 €
2024-06-05;550.139,63 €;17.438,66 €;1.200.000,00 €;-667.299,03 €;8.077.678,25 €
2024-06-06;2.763,54 €;17.138,53 €;0,00 €;-14.374,98 €;8.063.303,26 €
2024-06-07;3.312,99 €;16.346,15 €;0,00 €;-13.033,17 €;8.050.270,10 €
2024-06-08;2.799,30 €;18.498,29 €;0,00 €;-15.698,99 €;8.034.571,11 €
2024-06-09;2.847,76 €;15.256,13 €;0,00 €;-12.408,37 €;8.022.162,74 €
2024-06-10;3.549,25 €;20.087,64 €;0,00 €;-16.538,40 €;8.005.624,34 €
2024-06-11;3.142,73 €;15.198,71 €;0,00 €;-12.055,98 €;7.993.568,36 €
2024-06-12;4.031,82 €;15.922,79 €;0,00 €;-11.890,97 €;7.981.677,40 €
2024-06-13;2.920,88 €;14.943,33 €;0,00 €;-12.022,45 €;7.969.654,95 €
2024-06-14;3.661,67 €;16.098,49 €;0,00 €;-12.436,82 €;7.957.218,13 €
2024-06-15;3.210,71 €;16.793,42 €;0,00 €;-13.582,72 €;7.943.635,41 €
2024-06-16;3.559,89 €;15.369,13 €;0,00 €;-11.809,24 €;7.931.826,18 €
2024-06-17;2.938,42 €;18.205,08 €;0,00 €;-15.266,66 €;7.916.559,52 €
2024-06-18;3.137,22 €;15.898,72 €;0,00 €;-12.761,50 €;7.903.798,01 €
2024-06-19;3.104,25 €;15.945,73 €;0,00 €;-12.841,48 €;7.890.956,54 €
2024-06-20;2.743,97 €;14.176,50 €;0,00 €;-11.432,53 €;7.879.524,00 €
2024-06-21;3.493,04 €;16.167,75 €;0,00 €;-12.674,71 €;7.866.849,30 €
2024-06-22;3.487,12 €;15.338,96 €;0,00 €;-11.851,83 €;7.854.997,46 €
2024-06-23;3.458,78 €;14.627,64 €;0,00 €;-11.168,86 €;7.843.828,60 €
2024-06-24;3.930,48 €;14.375,29 €;0,00 €;-10.444,81 €;7.833.383,79 €
2024-06-25;3.886,67 €;19.547,65 €;0,00 €;-15.660,97 €;7.817.722,82 €
2024-06-26;2.974,53 €;15.144,78 €;0,00 €;-12.170,26 €;7.805.552,56 €
2024-06-27;3.348,53 €;13.354,52 €;0,00 €;-10.006,00 €;7.795.546,57 €
2024-06-28;2.850,20 €;14.492,67 €;350.000,00 €;-361.642,47 €;7.433.904,10 €
2024-06-29;3.173,68 €;15.462,65 €;0,00 €;-12.288,97 €;7.421.615,13 €
2024-06-30;2.862,13 €;16.360,00 €;1.000.000,00 €;-1.013.497,88 €;6.408.117,26 €
2024-07-01;81.470,56 €;27.009,59 €;0,00 €;54.460,97 €;6.462.578,22 €
2024-07-02;71.419,59 €;27.253,23 €;0,00 €;44.166,36 €;6.506.744,58 €
2024-07-03;66.765,77 €;24.610,28 €;0,00 €;42.155,49 €;6.548.900,07 €
2024-07-04;78.058,95 €;26.580,88 €;0,00 €;51.478,07 €;6.600.378,14 €
2024-07-05;51.145,08 €;24.147,88 €;1.200.000,00 €;-1.173.002,80 €;5.427.375,33 €
2024-07-06;79.988,97 €;24.660,71 €;0,00 €;55.328,26 €;5.482.703,59 €
2024-07-07;108.088,39 €;24.064,58 €;0,00 €;84.023,80 €;5.566.727,40 €
2024-07-08;68.993,75 €;23.523,22 €;0,00 €;45.470,53 €;5.612.197,92 €
2024-07-09;70.513,57 €;28.028,42 €;0,00 €;42.485,15 €;5.654.683,07 €
2024-07-10;57.898,83 €;27.277,22 €;0,00 €;30.621,61 €;5.685.304,68 €
2024-07-11;68.324,13 €;27.853,33 €;0,00 €;40.470,80 €;5.725.775,48 €
2024-07-12;84.538,08 €;25.978,63 €;0,00 €;58.559,45 €;5.784.334,93 €
2024-07-13;108.372,00 €;27.453,62 €;0,00 €;80.918,38 €;5.865.253,31 €
2024-07-14;101.827,07 €;22.377,42 €;0,00 €;79.449,64 €;5.944.702,95 €
2024-07-15;64.997,57 €;27.626,18 €;0,00 €;37.371,39 €;5.982.074,35 €
2024-07-16;65.353,42 €;26.254,24 €;0,00 €;39.099,18 €;6.021.173,53 €
2024-07-17;51.476,42 €;27.154,22 €;0,00 €;24.322,20 €;6.045.495,72 €
2024-07-18;70.571,12 €;26.660,05 €;0,00 €;43.911,08 €;6.089.406,80 €
2024-07-19;75.273,86 €;23.925,89 €;0,00 €;51.347,98 €;6.140.754,78 €
2024-07-20;84.373,81 €;22.903,92 €;400.000,00 €;-338.530,11 €;5.802.224,66 €
2024-07-21;93.515,83 €;24.475,89 €;0,00 €;69.039,94 €;5.871.264,60 €
2024-07-22;59.250,28 €;27.029,83 €;0,00 €;32.220,45 €;5.903.485,05 €
2024-07-23;60.787,19 €;27.280,18 €;0,00 €;33.507,01 €;5.936.992,06 €
2024-07-24;68.937,85 €;23.164,12 €;0,00 €;45.773,74 €;5.982.765,79 €
2024-07-25;51.834,78 €;23.937,80 €;0,00 €;27.896,98 €;6.010.662,78 €
2024-07-26;73.424,16 €;24.453,53 €;0,00 €;48.970,63 €;6.059.633,41 €
2024-07-27;107.668,55 €;25.185,39 €;0,00 €;82.483,16 €;6.142.116,57 €
2024-07-28;97.618,97 €;23.175,90 €;350.000,00 €;-275.556,92 €;5.866.559,65 €
2024-07-29;48.664,33 €;23.055,90 €;0,00 €;25.608,44 €;5.892.168,08 €
2024-07-30;60.538,65 €;24.256,33 €;0,00 €;36.282,32 €;5.928.450,40 €
2024-07-31;78.373,22 €;26.072,51 €;0,00 €;52.300,71 €;5.980.751,11 €
2024-08-01;46.286,05 €;23.538,81 €;0,00 €;22.747,23 €;6.003.498,35 €
2024-08-02;65.729,81 €;25.668,39 €;0,00 €;40.061,42 €;6.043.559,77 €
2024-08-03;88.329,99 €;28.017,11 €;0,00 €;60.312,89 €;6.103.872,65 €
2024-08-04;108.175,70 €;23.296,44 €;0,00 €;84.879,26 €;6.188.751,92 €
2024-08-05;63.109,09 €;25.487,11 €;1.200.000,00 €;-1.162.378,02 €;5.026.373,90 €
2024-08-06;71.741,63 €;27.949,51 €;0,00 €;43.792,12 €;5.070.166,01 €
2024-08-07;73.033,68 €;25.063,46 €;0,00 €;47.970,22 €;5.118.136,23 €
2024-08-08;83.199,81 €;24.752,66 €;0,00 €;58.447,15 €;5.176.583,38 €
2024-08-09;66.886,46 €;28.226,99 €;0,00 €;38.659,47 €;5.215.242,85 €
2024-08-10;103.890,44 €;25.287,60 €;0,00 €;78.602,85 €;5.293.845,70 €
2024-08-11;85.279,45 €;28.108,99 €;0,00 €;57.170,46 €;5.351.016,16 €
2024-08-12;78.033,31 €;26.757,93 €;0,00 €;51.275,38 €;5.402.291,53 €
2024-08-13;62.425,93 €;25.214,31 €;0,00 €;37.211,62 €;5.439.503,15 €
2024-08-14;64.023,97 €;26.859,38 €;0,00 €;37.164,59 €;5.476.667,74 €
2024-08-15;68.332,02 €;26.540,90 €;0,00 €;41.791,12 €;5.518.458,86 €
2024-08-16;56.006,93 €;27.941,77 €;0,00 €;28.065,16 €;5.546.524,02 €
2024-08-17;102.417,70 €;24.803,31 €;0,00 €;77.614,39 €;5.624.138,41 €
2024-08-18;109.804,66 €;25.982,41 €;0,00 €;83.822,25 €;5.707.960,66 €
2024-08-19;70.853,47 €;25.776,97 €;0,00 €;45.076,50 €;5.753.037,16 €
2024-08-20;55.798,82 €;27.308,30 €;0,00 €;28.490,52 €;5.781.527,68 €
2024-08-21;67.519,53 €;23.849,64 €;0,00 €;43.669,88 €;5.825.197,57 €
2024-08-22;74.446,23 €;27.933,95 €;0,00 €;46.512,28 €;5.871.709,84 €
2024-08-23;53.486,09 €;26.832,66 €;0,00 €;26.653,43 €;5.898.363,28 €
2024-08-24;89.382,34 €;23.266,15 €;0,00 €;66.116,19 €;5.964.479,47 €
2024-08-25;108.895,44 €;28.316,53 €;0,00 €;80.578,91 €;6.045.058,38 €
2024-08-26;70.670,76 €;30.368,19 €;0,00 €;40.302,58 €;6.085.360,95 €
2024-08-27;71.805,77 €;27.903,67 €;0,00 €;43.902,10 €;6.129.263,06 €
2024-08-28;83.385,96 €;28.753,97 €;350.000,00 €;-295.368,01 €;5.833.895,05 €
2024-08-29;72.258,42 €;26.070,74 €;0,00 €;46.187,68 €;5.880.082,73 €
2024-08-30;73.773,10 €;22.576,99 €;0,00 €;51.196,11 €;5.931.278,84 €
2024-08-31;127.237,46 €;22.211,76 €;0,00 €;105.025,70 €;6.036.304,54 €
2024-09-01;463.609,77 €;15.922,62 €;0,00 €;447.687,15 €;6.483.991,69 €
2024-09-02;434.405,86 €;14.652,03 €;0,00 €;419.753,83 €;6.903.745,52 €
2024-09-03;495.689,82 €;14.168,14 €;0,00 €;481.521,68 €;7.385.267,20 €
2024-09-04;496.249,55 €;15.445,88 €;0,00 €;480.803,67 €;7.866.070,87 €
2024-09-05;447.964,23 €;16.463,38 €;1.200.000,00 €;-768.499,15 €;7.097.571,73 €
2024-09-06;2.645,80 €;13.360,86 €;0,00 €;-10.715,06 €;7.086.856,66 €
2024-09-07;4.316,92 €;14.866,68 €;0,00 €;-10.549,76 €;7.076.306,90 €
2024-09-08;3.325,42 €;17.804,81 €;0,00 €;-14.479,38 €;7.061.827,52 €
2024-09-09;2.795,86 €;13.927,07 €;0,00 €;-11.131,21 €;7.050.696,31 €
2024-09-10;3.619,97 €;16.844,64 €;0,00 €;-13.224,68 €;7.037.471,63 €
2024-09-11;3.107,43 €;14.812,90 €;0,00 €;-11.705,48 €;7.025.766,15 €
2024-09-12;3.035,56 €;16.358,69 €;0,00 €;-13.323,13 €;7.012.443,02 €
2024-09-13;3.443,14 €;17.185,99 €;0,00 €;-13.742,85 €;6.998.700,17 €
2024-09-14;2.516,06 €;16.651,92 €;0,00 €;-14.135,86 €;6.984.564,30 €
2024-09-15;3.338,31 €;16.903,74 €;0,00 €;-13.565,43 €;6.970.998,88 €
2024-09-16;4.118,48 €;13.812,61 €;0,00 €;-9.694,13 €;6.961.304,75 €
2024-09-17;3.395,09 €;17.210,49 €;0,00 €;-13.815,40 €;6.947.489,35 €
2024-09-18;2.973,89 €;14.260,96 €;0,00 €;-11.287,07 €;6.936.202,28 €
2024-09-19;2.908,45 €;15.929,31 €;0,00 €;-13.020,87 €;6.923.181,41 €
2024-09-20;2.956,83 €;15.927,37 €;0,00 €;-12.970,54 €;6.910.210,87 €
2024-09-21;3.035,02 €;16.267,68 €;0,00 €;-13.232,67 €;6.896.978,21 €
2024-09-22;2.973,10 €;16.045,44 €;0,00 €;-13.072,34 €;6.883.905,87 €
2024-09-23;3.620,16 €;14.274,29 €;0,00 €;-10.654,13 €;6.873.251,74 €
2024-09-24;2.295,40 €;13.515,20 €;0,00 €;-11.219,80 €;6.862.031,94 €
2024-09-25;3.593,00 €;16.848,52 €;0,00 €;-13.255,52 €;6.848.776,42 €
2024-09-26;2.972,16 €;15.818,75 €;0,00 €;-12.846,60 €;6.835.929,82 €
2024-09-27;3.350,47 €;17.264,07 €;0,00 €;-13.913,59 €;6.822.016,23 €
2024-09-28;2.598,51 €;15.472,90 €;350.000,00 €;-362.874,39 €;6.459.141,83 €
2024-09-29;3.826,32 €;13.432,25 €;0,00 €;-9.605,94 €;6.449.535,90 €
2024-09-30;3.784,82 €;16.989,19 €;0,00 €;-13.204,38 €;6.436.331,52 €
2024-10-01;522.279,53 €;14.984,44 €;0,00 €;507.295,08 €;6.943.626,60 €
2024-10-02;398.562,26 €;16.053,01 €;0,00 €;382.509,26 €;7.326.135,86 €
2024-10-03;515.756,05 €;14.568,81 €;0,00 €;501.187,24 €;7.827.323,10 €
2024-10-04;494.542,75 €;18.006,45 €;0,00 €;476.536,30 €;8.303.859,40 €
2024-10-05;394.036,44 €;14.225,15 €;1.200.000,00 €;-820.188,72 €;7.483.670,69 €
2024-10-06;3.149,85 €;15.033,86 €;0,00 €;-11.884,00 €;7.471.786,68 €
2024-10-07;3.344,27 €;15.701,17 €;0,00 €;-12.356,91 €;7.459.429,78 €
2024-10-08;3.440,04 €;13.901,73 €;0,00 €;-10.461,69 €;7.448.968,09 €
2024-10-09;3.250,63 €;16.035,78 €;0,00 €;-12.785,15 €;7.436.182,94 €
2024-10-10;3.307,62 €;17.957,87 €;0,00 €;-14.650,25 €;7.421.532,69 €
2024-10-11;3.898,81 €;14.804,31 €;0,00 €;-10.905,50 €;7.410.627,19 €
2024-10-12;3.775,02 €;16.132,71 €;0,00 €;-12.357,70 €;7.398.269,49 €
2024-10-13;1.728,47 €;11.415,85 €;0,00 €;-9.687,37 €;7.388.582,12 €
2024-10-14;3.003,28 €;15.481,61 €;0,00 €;-12.478,33 €;7.376.103,79 €
2024-10-15;3.079,67 €;15.070,44 €;0,00 €;-11.990,76 €;7.364.113,03 €
2024-10-16;2.285,95 €;14.312,25 €;0,00 €;-12.026,30 €;7.352.086,73 €
2024-10-17;3.209,09 €;17.162,18 €;0,00 €;-13.953,08 €;7.338.133,64 €
2024-10-18;3.786,38 €;15.050,63 €;0,00 €;-11.264,26 €;7.326.869,39 €
2024-10-19;2.618,72 €;15.273,78 €;0,00 €;-12.655,07 €;7.314.214,32 €
2024-10-20;3.330,20 €;14.974,21 €;400.000,00 €;-411.644,01 €;6.902.570,31 €
2024-10-21;2.704,09 €;12.664,78 €;0,00 €;-9.960,69 €;6.892.609,62 €
2024-10-22;2.826,04 €;13.842,02 €;0,00 €;-11.015,98 €;6.881.593,64 €
2024-10-23;3.900,70 €;16.981,64 €;0,00 €;-13.080,94 €;6.868.512,70 €
2024-10-24;2.890,72 €;12.375,07 €;0,00 €;-9.484,35 €;6.859.028,35 €
2024-10-25;3.393,11 €;14.390,53 €;0,00 €;-10.997,42 €;6.848.030,93 €
2024-10-26;2.226,39 €;14.940,42 €;0,00 €;-12.714,03 €;6.835.316,90 €
2024-10-27;4.093,16 €;18.155,43 €;0,00 €;-14.062,27 €;6.821.254,62 €
2024-10-28;3.463,33 €;16.692,91 €;350.000,00 €;-363.229,58 €;6.458.025,04 €
2024-10-29;3.070,75 €;14.704,24 €;0,00 €;-11.633,49 €;6.446.391,55 €
2024-10-30;3.449,77 €;17.496,77 €;0,00 €;-14.047,00 €;6.432.344,55 €
2024-10-31;2.457,09 €;14.429,23 €;0,00 €;-11.972,14 €;6.420.372,42 €
2024-11-01;533.426,54 €;17.053,65 €;0,00 €;516.372,89 €;6.936.745,30 €
2024-11-02;458.100,76 €;13.501,68 €;0,00 €;444.599,08 €;7.381.344,38 €
2024-11-03;464.096,52 €;17.149,89 €;0,00 €;446.946,64 €;7.828.291,02 €
2024-11-04;449.717,22 €;14.930,80 €;0,00 €;434.786,42 €;8.263.077,44 €
2024-11-05;445.267,43 €;13.997,24 €;1.200.000,00 €;-768.729,81 €;7.494.347,63 €
2024-11-06;3.509,34 €;15.214,28 €;0,00 €;-11.704,95 €;7.482.642,68 €
2024-11-07;3.289,95 €;15.956,02 €;0,00 €;-12.666,06 €;7.469.976,61 €
2024-11-08;3.487,87 €;14.797,88 €;0,00 €;-11.310,00 €;7.458.666,61 €
2024-11-09;3.157,60 €;16.370,93 €;0,00 €;-13.213,33 €;7.445.453,28 €
2024-11-10;3.418,60 €;14.665,51 €;0,00 €;-11.246,91 €;7.434.206,37 €
2024-11-11;2.952,58 €;16.470,56 €;0,00 €;-13.517,98 €;7.420.688,39 €
2024-11-12;4.276,87 €;16.203,33 €;0,00 €;-11.926,47 €;7.408.761,92 €
2024-11-13;2.378,03 €;15.448,62 €;0,00 €;-13.070,58 €;7.395.691,34 €
2024-11-14;3.792,47 €;14.877,93 €;0,00 €;-11.085,46 €;7.384.605,88 €
2024-11-15;3.845,95 €;15.767,31 €;0,00 €;-11.921,36 €;7.372.684,53 €
2024-11-16;2.735,92 €;16.365,38 €;0,00 €;-13.629,46 €;7.359.055,07 €
2024-11-17;4.276,64 €;18.632,70 €;0,00 €;-14.356,06 €;7.344.699,00 €
2024-11-18;3.659,75 €;16.949,13 €;0,00 €;-13.289,39 €;7.331.409,62 €
2024-11-19;3.647,57 €;17.003,98 €;0,00 €;-13.356,42 €;7.318.053,20 €
2024-11-20;3.176,01 €;20.172,77 €;0,00 €;-16.996,76 €;7.301.056,45 €
2024-11-21;3.053,39 €;16.313,94 €;0,00 €;-13.260,55 €;7.287.795,90 €
2024-11-22;3.057,30 €;16.266,97 €;0,00 €;-13.209,67 €;7.274.586,23 €
2024-11-23;3.357,27 €;16.596,02 €;0,00 €;-13.238,76 €;7.261.347,47 €
2024-11-24;3.862,59 €;14.026,55 €;0,00 €;-10.163,96 €;7.251.183,51 €
2024-11-25;3.252,66 €;14.874,15 €;0,00 €;-11.621,49 €;7.239.562,02 €
2024-11-26;2.706,28 €;14.780,75 €;0,00 €;-12.074,47 €;7.227.487,55 €
2024-11-27;3.574,21 €;16.511,42 €;0,00 €;-12.937,21 €;7.214.550,35 €
2024-11-28;3.622,58 €;15.278,74 €;350.000,00 €;-361.656,16 €;6.852.894,18 €
2024-11-29;3.489,33 €;15.747,34 €;0,00 €;-12.258,01 €;6.840.636,18 €
2024-11-30;3.534,75 €;17.171,18 €;0,00 €;-13.636,43 €;6.826.999,74 €
2024-12-01;460.753,59 €;16.834,73 €;0,00 €;443.918,87 €;7.270.918,61 €
2024-12-02;427.850,54 €;15.297,42 €;0,00 €;412.553,12 €;7.683.471,74 €
2024-12-03;430.890,33 €;14.535,01 €;0,00 €;416.355,32 €;8.099.827,06 €
2024-12-04;392.526,84 €;17.242,91 €;0,00 €;375.283,93 €;8.475.110,98 €
2024-12-05;486.147,43 €;16.700,84 €;1.200.000,00 €;-730.553,41 €;7.744.557,58 €
2024-12-06;3.120,28 €;13.130,61 €;0,00 €;-10.010,34 €;7.734.547,24 €
2024-12-07;2.942,01 €;15.070,27 €;0,00 €;-12.128,26 €;7.722.418,97 €
2024-12-08;1.684,19 €;15.788,27 €;0,00 €;-14.104,08 €;7.708.314,89 €
2024-12-09;2.538,34 €;16.708,24 €;0,00 €;-14.169,90 €;7.694.144,99 €
2024-12-10;3.722,42 €;16.905,15 €;0,00 €;-13.182,73 €;7.680.962,26 €
2024-12-11;2.829,69 €;15.965,86 €;0,00 €;-13.136,17 €;7.667.826,08 €
2024-12-12;3.342,30 €;16.417,87 €;0,00 €;-13.075,58 €;7.654.750,51 €
2024-12-13;2.466,66 €;15.636,21 €;0,00 €;-13.169,55 €;7.641.580,96 €
2024-12-14;3.881,35 €;14.529,22 €;0,00 €;-10.647,87 €;7.630.933,09 €
2024-12-15;3.089,99 €;15.148,10 €;0,00 €;-12.058,12 €;7.618.874,97 €
2024-12-16;3.307,02 €;15.568,49 €;0,00 €;-12.261,47 €;7.606.613,51 €
2024-12-17;4.324,89 €;15.487,98 €;0,00 €;-11.163,09 €;7.595.450,42 €
2024-12-18;3.920,22 €;12.711,64 €;0,00 €;-8.791,42 €;7.586.658,99 €
2024-12-19;3.008,72 €;14.943,77 €;0,00 €;-11.935,06 €;7.574.723,94 €
2024-12-20;2.865,39 €;15.624,31 €;0,00 €;-12.758,92 €;7.561.965,02 €
2024-12-21;2.999,23 €;15.117,95 €;0,00 €;-12.118,72 €;7.549.846,30 €
2024-12-22;3.416,95 €;15.169,76 €;0,00 €;-11.752,82 €;7.538.093,49 €
2024-12-23;3.109,39 €;16.271,99 €;0,00 €;-13.162,60 €;7.524.930,89 €
2024-12-24;2.964,38 €;13.921,56 €;0,00 €;-10.957,19 €;7.513.973,70 €
2024-12-25;3.895,59 €;13.097,94 €;0,00 €;-9.202,35 €;7.504.771,35 €
2024-12-26;3.104,90 €;15.017,75 €;0,00 €;-11.912,85 €;7.492.858,50 €
2024-12-27;4.311,79 €;16.686,17 €;0,00 €;-12.374,38 €;7.480.484,13 €
2024-12-28;3.207,37 €;18.071,33 €;350.000,00 €;-364.863,96 €;7.115.620,17 €
2024-12-29;4.054,66 €;16.713,19 €;0,00 €;-12.658,53 €;7.102.961,64 €
2024-12-30;3.340,66 €;13.337,60 €;0,00 €;-9.996,94 €;7.092.964,69 €
2024-12-31;3.643,48 €;15.191,45 €;0,00 €;-11.547,97 €;7.081.416,72 €
2025-01-01;446.169,45 €;16.104,95 €;0,00 €;430.064,50 €;7.511.481,22 €
2025-01-02;439.712,04 €;15.986,39 €;0,00 €;423.725,65 €;7.935.206,87 €
2025-01-03;505.385,30 €;16.528,96 €;0,00 €;488.856,34 €;8.424.063,21 €
2025-01-04;531.827,66 €;14.344,43 €;0,00 €;517.483,24 €;8.941.546,45 €
2025-01-05;484.412,83 €;15.817,41 €;1.200.000,00 €;-731.404,59 €;8.210.141,86 €
2025-01-06;2.572,80 €;16.350,48 €;0,00 €;-13.777,68 €;8.196.364,18 €
2025-01-07;2.535,87 €;16.958,51 €;0,00 €;-14.422,64 €;8.181.941,54 €
2025-01-08;2.502,43 €;14.511,42 €;0,00 €;-12.008,99 €;8.169.932,55 €
2025-01-09;2.332,19 €;15.202,26 €;0,00 €;-12.870,08 €;8.157.062,47 €
2025-01-10;3.270,74 €;11.664,27 €;0,00 €;-8.393,53 €;8.148.668,94 €
2025-01-11;3.778,52 €;14.787,81 €;0,00 €;-11.009,29 €;8.137.659,66 €
2025-01-12;3.209,29 €;14.933,38 €;0,00 €;-11.724,09 €;8.125.935,57 €
2025-01-13;2.085,79 €;14.190,62 €;0,00 €;-12.104,83 €;8.113.830,74 €
2025-01-14;3.120,62 €;15.968,42 €;0,00 €;-12.847,80 €;8.100.982,94 €
2025-01-15;3.134,60 €;15.636,08 €;0,00 €;-12.501,48 €;8.088.481,46 €
2025-01-16;4.264,00 €;12.331,18 €;0,00 €;-8.067,18 €;8.080.414,28 €
2025-01-17;2.487,43 €;16.043,26 €;0,00 €;-13.555,83 €;8.066.858,45 €
2025-01-18;3.020,66 €;14.327,51 €;0,00 €;-11.306,85 €;8.055.551,60 €
2025-01-19;4.068,93 €;16.448,53 €;0,00 €;-12.379,61 €;8.043.171,99 €
2025-01-20;3.440,99 €;13.797,22 €;400.000,00 €;-410.356,23 €;7.632.815,76 €
2025-01-21;3.497,66 €;15.765,01 €;0,00 €;-12.267,35 €;7.620.548,40 €
2025-01-22;3.273,29 €;15.295,26 €;0,00 €;-12.021,96 €;7.608.526,44 €
2025-01-23;3.380,97 €;16.174,65 €;0,00 €;-12.793,68 €;7.595.732,76 €
2025-01-24;3.604,80 €;15.907,05 €;0,00 €;-12.302,24 €;7.583.430,52 €
2025-01-25;2.811,26 €;15.337,25 €;0,00 €;-12.526,00 €;7.570.904,52 €
2025-01-26;3.655,03 €;13.415,59 €;0,00 €;-9.760,56 €;7.561.143,96 €
2025-01-27;2.529,50 €;13.504,19 €;0,00 €;-10.974,69 €;7.550.169,27 €
2025-01-28;3.380,18 €;14.844,17 €;350.000,00 €;-361.463,99 €;7.188.705,28 €
2025-01-29;3.305,37 €;15.707,58 €;0,00 €;-12.402,21 €;7.176.303,08 €
2025-01-30;2.907,85 €;14.807,63 €;0,00 €;-11.899,77 €;7.164.403,30 €
2025-01-31;3.204,66 €;16.657,82 €;0,00 €;-13.453,16 €;7.150.950,14 €
2025-02-01;451.272,99 €;15.301,17 €;0,00 €;435.971,82 €;7.586.921,96 €
2025-02-02;428.814,93 €;14.272,48 €;0,00 €;414.542,45 €;8.001.464,42 €
2025-02-03;464.719,26 €;15.302,86 €;0,00 €;449.416,41 €;8.450.880,82 €
2025-02-04;427.200,57 €;16.058,79 €;0,00 €;411.141,78 €;8.862.022,60 €
2025-02-05;498.539,87 €;16.207,33 €;1.200.000,00 €;-717.667,45 €;8.144.355,15 €
2025-02-06;2.640,96 €;18.537,57 €;0,00 €;-15.896,61 €;8.128.458,54 €
2025-02-07;3.571,99 €;14.716,64 €;0,00 €;-11.144,65 €;8.117.313,89 €
2025-02-08;2.625,26 €;15.609,78 €;0,00 €;-12.984,52 €;8.104.329,37 €
2025-02-09;2.932,85 €;16.359,19 €;0,00 €;-13.426,33 €;8.090.903,03 €
2025-02-10;2.903,70 €;15.684,87 €;0,00 €;-12.781,17 €;8.078.121,87 €
2025-02-11;3.878,57 €;14.969,07 €;0,00 €;-11.090,50 €;8.067.031,37 €
2025-02-12;3.381,14 €;13.396,11 €;0,00 €;-10.014,97 €;8.057.016,40 €
2025-02-13;3.110,13 €;14.953,75 €;0,00 €;-11.843,62 €;8.045.172,78 €
2025-02-14;3.465,36 €;14.109,45 €;0,00 €;-10.644,09 €;8.034.528,70 €
2025-02-15;2.162,40 €;13.130,09 €;0,00 €;-10.967,69 €;8.023.561,01 €
2025-02-16;3.194,43 €;14.526,48 €;0,00 €;-11.332,05 €;8.012.228,96 €
2025-02-17;4.214,76 €;14.149,36 €;0,00 €;-9.934,61 €;8.002.294,36 €
2025-02-18;3.282,17 €;16.595,68 €;0,00 €;-13.313,51 €;7.988.980,85 €
2025-02-19;3.249,96 €;16.621,64 €;0,00 €;-13.371,68 €;7.975.609,17 €
2025-02-20;3.490,06 €;14.364,18 €;0,00 €;-10.874,12 €;7.964.735,05 €
2025-02-21;3.663,80 €;15.329,66 €;0,00 €;-11.665,85 €;7.953.069,20 €
2025-02-22;2.217,27 €;12.932,64 €;0,00 €;-10.715,37 €;7.942.353,83 €
2025-02-23;2.374,84 €;14.978,49 €;0,00 €;-12.603,65 €;7.929.750,18 €
2025-02-24;3.321,15 €;16.318,47 €;0,00 €;-12.997,33 €;7.916.752,85 €
2025-02-25;2.858,56 €;16.957,41 €;0,00 €;-14.098,85 €;7.902.654,00 €
2025-02-26;3.872,01 €;14.650,43 €;0,00 €;-10.778,42 €;7.891.875,59 €
2025-02-27;3.058,41 €;17.297,78 €;0,00 €;-14.239,37 €;7.877.636,22 €
2025-02-28;2.248,73 €;13.446,46 €;350.000,00 €;-361.197,73 €;7.516.438,49 €
2025-03-01;418.999,30 €;13.848,56 €;0,00 €;405.150,75 €;7.921.589,24 €
2025-03-02;344.916,20 €;16.784,49 €;0,00 €;328.131,71 €;8.249.720,94 €
2025-03-03;470.693,72 €;18.226,68 €;0,00 €;452.467,04 €;8.702.187,98 €
2025-03-04;472.980,79 €;16.460,15 €;0,00 €;456.520,65 €;9.158.708,63 €
2025-03-05;461.176,86 €;15.659,49 €;1.200.000,00 €;-754.482,62 €;8.404.226,01 €
2025-03-06;3.755,44 €;12.427,22 €;0,00 €;-8.671,78 €;8.395.554,22 €
2025-03-07;3.815,26 €;12.686,33 €;0,00 €;-8.871,07 €;8.386.683,15 €
2025-03-08;3.130,81 €;15.914,11 €;0,00 €;-12.783,31 €;8.373.899,84 €
2025-03-09;2.148,65 €;15.182,91 €;0,00 €;-13.034,25 €;8.360.865,59 €
2025-03-10;3.524,64 €;14.061,25 €;0,00 €;-10.536,61 €;8.350.328,98 €
2025-03-11;3.493,68 €;15.818,30 €;0,00 €;-12.324,62 €;8.338.004,37 €
2025-03-12;3.370,70 €;15.892,70 €;0,00 €;-12.522,00 €;8.325.482,36 €
2025-03-13;3.706,74 €;17.136,62 €;0,00 €;-13.429,88 €;8.312.052,48 €
2025-03-14;2.633,59 €;15.924,90 €;0,00 €;-13.291,32 €;8.298.761,16 €
2025-03-15;4.220,38 €;17.562,59 €;0,00 €;-13.342,21 €;8.285.418,95 €
2025-03-16;2.736,29 €;15.731,99 €;0,00 €;-12.995,70 €;8.272.423,24 €
2025-03-17;3.590,61 €;15.547,00 €;0,00 €;-11.956,39 €;8.260.466,86 €
2025-03-18;2.372,33 €;17.316,47 €;0,00 €;-14.944,14 €;8.245.522,72 €
2025-03-19;2.750,87 €;14.252,34 €;0,00 €;-11.501,47 €;8.234.021,24 €
2025-03-20;3.974,18 €;19.941,67 €;0,00 €;-15.967,49 €;8.218.053,76 €
2025-03-21;3.085,55 €;16.282,89 €;0,00 €;-13.197,34 €;8.204.856,42 €
2025-03-22;3.635,96 €;16.291,24 €;0,00 €;-12.655,28 €;8.192.201,14 €
2025-03-23;3.334,48 €;16.507,64 €;0,00 €;-13.173,17 €;8.179.027,97 €
2025-03-24;3.163,52 €;18.535,70 €;0,00 €;-15.372,18 €;8.163.655,79 €
2025-03-25;3.897,93 €;16.908,76 €;0,00 €;-13.010,84 €;8.150.644,95 €
2025-03-26;3.097,67 €;13.312,42 €;0,00 €;-10.214,75 €;8.140.430,21 €
2025-03-27;2.325,63 €;17.825,21 €;0,00 €;-15.499,57 €;8.124.930,63 €
2025-03-28;2.814,38 €;15.208,66 €;350.000,00 €;-362.394,28 €;7.762.536,36 €
2025-03-29;3.491,60 €;15.880,73 €;0,00 €;-12.389,14 €;7.750.147,22 €
2025-03-30;3.413,75 €;13.801,12 €;0,00 €;-10.387,36 €;7.739.759,86 €
2025-03-31;2.432,47 €;16.509,30 €;0,00 €;-14.076,83 €;7.725.683,02 €
2025-04-01;446.182,87 €;14.742,94 €;0,00 €;431.439,94 €;8.157.122,96 €
2025-04-02;453.313,93 €;15.870,25 €;0,00 €;437.443,68 €;8.594.566,64 €
2025-04-03;464.126,52 €;15.293,85 €;0,00 €;448.832,67 €;9.043.399,31 €
2025-04-04;413.604,32 €;18.607,52 €;0,00 €;394.996,80 €;9.438.396,11 €
2025-04-05;450.981,44 €;18.693,39 €;1.200.000,00 €;-767.711,95 €;8.670.684,16 €
2025-04-06;2.851,69 €;15.789,77 €;0,00 €;-12.938,07 €;8.657.746,09 €
2025-04-07;3.601,77 €;15.815,97 €;0,00 €;-12.214,20 €;8.645.531,89 €
2025-04-08;3.620,56 €;15.159,84 €;0,00 €;-11.539,27 €;8.633.992,61 €
2025-04-09;3.143,09 €;17.379,01 €;0,00 €;-14.235,91 €;8.619.756,70 €
2025-04-10;3.019,98 €;15.226,62 €;0,00 €;-12.206,64 €;8.607.550,06 €
2025-04-11;3.285,96 €;15.087,99 €;0,00 €;-11.802,03 €;8.595.748,03 €
2025-04-12;2.807,71 €;17.187,89 €;0,00 €;-14.380,18 €;8.581.367,85 €
2025-04-13;2.642,58 €;14.912,55 €;0,00 €;-12.269,97 €;8.569.097,88 €
2025-04-14;2.745,89 €;15.663,37 €;0,00 €;-12.917,48 €;8.556.180,40 €
2025-04-15;2.898,59 €;13.348,03 €;0,00 €;-10.449,44 €;8.545.730,96 €
2025-04-16;2.634,26 €;16.776,29 €;0,00 €;-14.142,02 €;8.531.588,94 €
2025-04-17;3.297,03 €;18.631,30 €;0,00 €;-15.334,27 €;8.516.254,67 €
2025-04-18;3.580,86 €;16.801,84 €;0,00 €;-13.220,98 €;8.503.033,69 €
2025-04-19;2.422,45 €;17.912,70 €;0,00 €;-15.490,25 €;8.487.543,44 €
2025-04-20;3.228,56 €;14.450,85 €;400.000,00 €;-411.222,28 €;8.076.321,16 €
2025-04-21;3.106,03 €;16.074,49 €;0,00 €;-12.968,45 €;8.063.352,71 €
2025-04-22;3.386,75 €;14.305,26 €;0,00 €;-10.918,51 €;8.052.434,20 €
2025-04-23;3.209,53 €;15.378,35 €;0,00 €;-12.168,82 €;8.040.265,38 €
2025-04-24;2.489,20 €;16.878,32 €;0,00 €;-14.389,12 €;8.025.876,26 €
2025-04-25;2.584,81 €;15.872,73 €;0,00 €;-13.287,93 €;8.012.588,34 €
2025-04-26;3.230,71 €;13.601,04 €;0,00 €;-10.370,33 €;8.002.218,01 €
2025-04-27;3.730,39 €;13.747,46 €;0,00 €;-10.017,07 €;7.992.200,94 €
2025-04-28;2.108,91 €;13.648,25 €;350.000,00 €;-361.539,35 €;7.630.661,60 €
2025-04-29;3.388,86 €;16.457,18 €;0,00 €;-13.068,32 €;7.617.593,28 €
2025-04-30;3.810,81 €;18.815,84 €;0,00 €;-15.005,03 €;7.602.588,25 €
2025-05-01;474.748,71 €;17.763,69 €;0,00 €;456.985,02 €;8.059.573,27 €
2025-05-02;509.910,12 €;12.876,02 €;0,00 €;497.034,10 €;8.556.607,37 €
2025-05-03;447.246,55 €;17.851,61 €;0,00 €;429.394,93 €;8.986.002,30 €
2025-05-04;476.431,69 €;17.124,60 €;0,00 €;459.307,09 €;9.445.309,39 €
2025-05-05;401.354,32 €;13.402,05 €;1.200.000,00 €;-812.047,73 €;8.633.261,67 €
2025-05-06;2.043,83 €;15.265,20 €;0,00 €;-13.221,37 €;8.620.040,30 €
2025-05-07;3.687,38 €;17.363,28 €;0,00 €;-13.675,90 €;8.606.364,40 €
2025-05-08;2.723,50 €;16.545,65 €;0,00 €;-13.822,15 €;8.592.542,25 €
2025-05-09;2.988,24 €;13.756,36 €;0,00 €;-10.768,12 €;8.581.774,13 €
2025-05-10;2.522,78 €;16.636,11 €;0,00 €;-14.113,33 €;8.567.660,79 €
2025-05-11;2.511,02 €;12.513,75 €;0,00 €;-10.002,73 €;8.557.658,06 €
2025-05-12;3.129,08 €;15.385,77 €;0,00 €;-12.256,69 €;8.545.401,37 €
2025-05-13;2.851,21 €;17.426,94 €;0,00 €;-14.575,72 €;8.530.825,65 €
2025-05-14;3.404,99 €;15.747,59 €;0,00 €;-12.342,61 €;8.518.483,04 €
2025-05-15;3.442,27 €;14.971,59 €;0,00 €;-11.529,32 €;8.506.953,72 €
2025-05-16;3.376,42 €;17.054,02 €;0,00 €;-13.677,59 €;8.493.276,12 €
2025-05-17;3.335,30 €;17.182,13 €;0,00 €;-13.846,83 €;8.479.429,30 €
2025-05-18;4.004,88 €;17.685,06 €;0,00 €;-13.680,18 €;8.465.749,12 €
2025-05-19;2.682,20 €;17.031,51 €;0,00 €;-14.349,31 €;8.451.399,81 €
2025-05-20;3.188,53 €;17.342,06 €;0,00 €;-14.153,53 €;8.437.246,28 €
2025-05-21;3.782,34 €;16.819,36 €;0,00 €;-13.037,02 €;8.424.209,26 €
2025-05-22;3.848,27 €;16.118,29 €;0,00 €;-12.270,02 €;8.411.939,24 €
2025-05-23;2.505,12 €;15.854,26 €;0,00 €;-13.349,15 €;8.398.590,10 €
2025-05-24;3.059,82 €;15.364,11 €;0,00 €;-12.304,29 €;8.386.285,81 €
2025-05-25;3.895,06 €;13.901,45 €;0,00 €;-10.006,39 €;8.376.279,42 €
2025-05-26;3.470,04 €;14.287,03 €;0,00 €;-10.816,99 €;8.365.462,43 €
2025-05-27;3.313,63 €;15.296,98 €;0,00 €;-11.983,35 €;8.353.479,08 €
2025-05-28;3.107,16 €;16.082,18 €;350.000,00 €;-362.975,02 €;7.990.504,06 €
2025-05-29;3.024,10 €;17.881,22 €;0,00 €;-14.857,12 €;7.975.646,94 €
2025-05-30;3.360,11 €;15.657,30 €;0,00 €;-12.297,19 €;7.963.349,75 €
2025-05-31;3.089,81 €;17.225,21 €;0,00 €;-14.135,40 €;7.949.214,34 €
2025-06-01;480.271,07 €;17.338,97 €;0,00 €;462.932,10 €;8.412.146,44 €
2025-06-02;486.329,94 €;15.372,83 €;0,00 €;470.957,11 €;8.883.103,55 €
2025-06-03;448.496,42 €;16.612,04 €;0,00 €;431.884,39 €;9.314.987,93 €
2025-06-04;509.006,47 €;15.354,71 €;0,00 €;493.651,76 €;9.808.639,69 €
2025-06-05;628.112,23 €;17.703,20 €;1.200.000,00 €;-589.590,97 €;9.219.048,72 €
2025-06-06;2.327,51 €;16.673,77 €;0,00 €;-14.346,26 €;9.204.702,46 €
2025-06-07;3.378,01 €;13.934,27 €;0,00 €;-10.556,27 €;9.194.146,20 €
2025-06-08;2.835,90 €;15.962,29 €;0,00 €;-13.126,38 €;9.181.019,81 €
2025-06-09;3.504,70 €;18.192,17 €;0,00 €;-14.687,47 €;9.166.332,35 €
2025-06-10;3.239,28 €;15.448,15 €;0,00 €;-12.208,87 €;9.154.123,47 €
2025-06-11;3.596,93 €;16.391,57 €;0,00 €;-12.794,65 €;9.141.328,83 €
2025-06-12;3.803,75 €;16.538,82 €;0,00 €;-12.735,06 €;9.128.593,76 €
2025-06-13;3.312,21 €;14.165,07 €;0,00 €;-10.852,86 €;9.117.740,91 €
2025-06-14;3.782,03 €;16.486,06 €;0,00 €;-12.704,04 €;9.105.036,87 €
2025-06-15;2.043,85 €;13.629,25 €;0,00 €;-11.585,40 €;9.093.451,48 €
2025-06-16;4.011,23 €;14.781,56 €;0,00 €;-10.770,34 €;9.082.681,14 €
2025-06-17;3.403,53 €;17.333,58 €;0,00 €;-13.930,05 €;9.068.751,08 €
2025-06-18;3.754,92 €;16.255,13 €;0,00 €;-12.500,21 €;9.056.250,87 €
2025-06-19;2.606,06 €;15.263,28 €;0,00 €;-12.657,22 €;9.043.593,65 €
2025-06-20;2.800,62 €;16.389,69 €;0,00 €;-13.589,08 €;9.030.004,57 €
2025-06-21;3.288,97 €;15.629,86 €;0,00 €;-12.340,89 €;9.017.663,68 €
2025-06-22;3.207,48 €;15.738,87 €;0,00 €;-12.531,39 €;9.005.132,29 €
2025-06-23;3.357,53 €;16.705,23 €;0,00 €;-13.347,69 €;8.991.784,60 €
2025-06-24;3.758,26 €;14.628,95 €;0,00 €;-10.870,69 €;8.980.913,91 €
2025-06-25;2.333,39 €;15.780,50 €;0,00 €;-13.447,11 €;8.967.466,80 €
2025-06-26;3.702,91 €;15.251,60 €;0,00 €;-11.548,69 €;8.955.918,11 €
2025-06-27;3.220,14 €;13.341,59 €;0,00 €;-10.121,45 €;8.945.796,65 €
2025-06-28;3.114,11 €;14.339,32 €;350.000,00 €;-361.225,21 €;8.584.571,45 €
2025-06-29;2.480,44 €;18.072,31 €;0,00 €;-15.591,87 €;8.568.979,58 €
2025-06-30;3.467,52 €;16.297,08 €;1.000.000,00 €;-1.012.829,56 €;7.556.150,02 €
2025-07-01;50.367,14 €;23.552,82 €;0,00 €;26.814,31 €;7.582.964,33 €
2025-07-02;74.867,15 €;23.119,29 €;0,00 €;51.747,86 €;7.634.712,19 €
2025-07-03;57.743,15 €;25.975,67 €;0,00 €;31.767,48 €;7.666.479,67 €
2025-07-04;70.107,66 €;29.322,37 €;0,00 €;40.785,29 €;7.707.264,96 €
2025-07-05;100.648,31 €;25.826,48 €;1.200.000,00 €;-1.125.178,17 €;6.582.086,79 €
2025-07-06;113.535,38 €;28.814,00 €;0,00 €;84.721,38 €;6.666.808,17 €
2025-07-07;68.250,76 €;26.903,86 €;0,00 €;41.346,90 €;6.708.155,07 €
2025-07-08;64.126,89 €;27.142,50 €;0,00 €;36.984,39 €;6.745.139,46 €
2025-07-09;65.627,18 €;23.528,56 €;0,00 €;42.098,62 €;6.787.238,08 €
2025-07-10;79.863,06 €;28.075,05 €;0,00 €;51.788,02 €;6.839.026,10 €
2025-07-11;73.970,38 €;25.530,14 €;0,00 €;48.440,24 €;6.887.466,34 €
2025-07-12;97.983,70 €;27.926,18 €;0,00 €;70.057,52 €;6.957.523,85 €
2025-07-13;99.475,54 €;24.571,66 €;0,00 €;74.903,88 €;7.032.427,73 €
2025-07-14;57.142,58 €;26.554,10 €;0,00 €;30.588,48 €;7.063.016,21 €
2025-07-15;72.787,79 €;26.904,01 €;0,00 €;45.883,79 €;7.108.900,00 €
2025-07-16;55.601,47 €;25.891,93 €;0,00 €;29.709,54 €;7.138.609,54 €
2025-07-17;75.694,37 €;27.009,09 €;0,00 €;48.685,28 €;7.187.294,82 €
2025-07-18;70.708,97 €;25.667,21 €;0,00 €;45.041,77 €;7.232.336,59 €
2025-07-19;125.709,52 €;24.901,88 €;0,00 €;100.807,64 €;7.333.144,23 €
2025-07-20;90.838,64 €;29.410,97 €;400.000,00 €;-338.572,32 €;6.994.571,91 €
2025-07-21;68.858,70 €;28.297,91 €;0,00 €;40.560,80 €;7.035.132,70 €
2025-07-22;84.066,30 €;24.678,27 €;0,00 €;59.388,03 €;7.094.520,73 €
2025-07-23;79.211,12 €;27.336,89 €;0,00 €;51.874,23 €;7.146.394,96 €
2025-07-24;64.110,30 €;24.714,64 €;0,00 €;39.395,66 €;7.185.790,62 €
2025-07-25;71.471,74 €;23.830,63 €;0,00 €;47.641,11 €;7.233.431,73 €
2025-07-26;101.859,99 €;28.267,62 €;0,00 €;73.592,37 €;7.307.024,11 €
2025-07-27;104.659,56 €;22.791,80 €;0,00 €;81.867,76 €;7.388.891,87 €
2025-07-28;64.090,56 €;28.053,71 €;350.000,00 €;-313.963,16 €;7.074.928,71 €
2025-07-29;68.965,44 €;25.694,56 €;0,00 €;43.270,88 €;7.118.199,59 €
2025-07-30;56.895,58 €;25.776,91 €;0,00 €;31.118,67 €;7.149.318,27 €
2025-07-31;70.760,99 €;27.019,50 €;0,00 €;43.741,49 €;7.193.059,75 €
2025-08-01;73.280,17 €;27.362,40 €;0,00 €;45.917,77 €;7.238.977,52 €
2025-08-02;99.565,81 €;24.547,31 €;0,00 €;75.018,49 €;7.313.996,01 €
2025-08-03;85.689,49 €;27.635,45 €;0,00 €;58.054,04 €;7.372.050,05 €
2025-08-04;77.588,25 €;26.426,74 €;0,00 €;51.161,51 €;7.423.211,56 €
2025-08-05;72.596,20 €;23.687,89 €;1.200.000,00 €;-1.151.091,69 €;6.272.119,87 €
2025-08-06;63.871,88 €;25.860,25 €;0,00 €;38.011,63 €;6.310.131,50 €
2025-08-07;67.435,20 €;28.962,56 €;0,00 €;38.472,64 €;6.348.604,14 €
2025-08-08;57.674,64 €;29.553,19 €;0,00 €;28.121,46 €;6.376.725,60 €
2025-08-09;91.585,90 €;27.634,70 €;0,00 €;63.951,20 €;6.440.676,80 €
2025-08-10;96.461,89 €;23.819,31 €;0,00 €;72.642,57 €;6.513.319,37 €
2025-08-11;79.507,37 €;27.181,21 €;0,00 €;52.326,15 €;6.565.645,52 €
2025-08-12;64.563,97 €;27.901,72 €;0,00 €;36.662,25 €;6.602.307,78 €
2025-08-13;74.801,71 €;27.651,42 €;0,00 €;47.150,29 €;6.649.458,07 €
2025-08-14;65.373,47 €;27.769,91 €;0,00 €;37.603,56 €;6.687.061,63 €
2025-08-15;71.663,58 €;26.926,53 €;0,00 €;44.737,05 €;6.731.798,68 €
2025-08-16;100.426,04 €;26.055,18 €;0,00 €;74.370,87 €;6.806.169,55 €
2025-08-17;110.570,57 €;24.983,27 €;0,00 €;85.587,30 €;6.891.756,86 €
2025-08-18;65.401,51 €;22.404,13 €;0,00 €;42.997,38 €;6.934.754,24 €
2025-08-19;57.099,77 €;26.879,28 €;0,00 €;30.220,49 €;6.964.974,73 €
2025-08-20;58.624,41 €;26.572,11 €;0,00 €;32.052,30 €;6.997.027,03 €
2025-08-21;65.424,98 €;27.315,15 €;0,00 €;38.109,83 €;7.035.136,86 €
2025-08-22;59.687,52 €;23.524,91 €;0,00 €;36.162,61 €;7.071.299,46 €
2025-08-23;105.942,12 €;27.490,03 €;0,00 €;78.452,09 €;7.149.751,55 €
2025-08-24;97.182,32 €;30.309,09 €;0,00 €;66.873,23 €;7.216.624,78 €
2025-08-25;88.676,85 €;26.356,90 €;0,00 €;62.319,95 €;7.278.944,73 €
2025-08-26;55.778,28 €;26.076,67 €;0,00 €;29.701,61 €;7.308.646,35 €
2025-08-27;71.309,07 €;26.818,00 €;0,00 €;44.491,06 €;7.353.137,41 €
2025-08-28;60.656,38 €;30.264,67 €;350.000,00 €;-319.608,30 €;7.033.529,11 €
2025-08-29;65.732,79 €;24.152,70 €;0,00 €;41.580,08 €;7.075.109,19 €
2025-08-30;103.254,19 €;26.606,41 €;0,00 €;76.647,78 €;7.151.756,97 €
2025-08-31;78.586,29 €;24.600,69 €;0,00 €;53.985,60 €;7.205.742,57 €
2025-09-01;494.241,31 €;14.899,49 €;0,00 €;479.341,81 €;7.685.084,39 €
2025-09-02;577.545,37 €;15.645,61 €;0,00 €;561.899,76 €;8.246.984,15 €
2025-09-03;459.728,09 €;17.740,98 €;0,00 €;441.987,10 €;8.688.971,25 €
2025-09-04;495.390,39 €;18.421,49 €;0,00 €;476.968,91 €;9.165.940,15 €
2025-09-05;533.646,08 €;16.392,21 €;1.200.000,00 €;-682.746,13 €;8.483.194,02 €
2025-09-06;3.134,02 €;15.155,11 €;0,00 €;-12.021,08 €;8.471.172,94 €
2025-09-07;2.925,52 €;19.459,11 €;0,00 €;-16.533,59 €;8.454.639,35 €
2025-09-08;2.078,13 €;15.078,67 €;0,00 €;-13.000,54 €;8.441.638,82 €
2025-09-09;3.536,50 €;14.863,30 €;0,00 €;-11.326,80 €;8.430.312,01 €
2025-09-10;3.159,42 €;13.057,59 €;0,00 €;-9.898,17 €;8.420.413,84 €
2025-09-11;2.709,66 €;17.814,14 €;0,00 €;-15.104,48 €;8.405.309,37 €
2025-09-12;3.279,30 €;17.172,37 €;0,00 €;-13.893,07 €;8.391.416,30 €
2025-09-13;2.924,16 €;19.346,71 €;0,00 €;-16.422,55 €;8.374.993,75 €
2025-09-14;2.951,79 €;13.635,71 €;0,00 €;-10.683,93 €;8.364.309,82 €
2025-09-15;3.519,15 €;17.907,26 €;0,00 €;-14.388,11 €;8.349.921,71 €
2025-09-16;2.546,81 €;15.825,20 €;0,00 €;-13.278,39 €;8.336.643,31 €
2025-09-17;3.739,66 €;16.929,15 €;0,00 €;-13.189,49 €;8.323.453,82 €
2025-09-18;2.517,16 €;13.248,33 €;0,00 €;-10.731,18 €;8.312.722,64 €
2025-09-19;2.884,65 €;17.922,12 €;0,00 €;-15.037,47 €;8.297.685,17 €
2025-09-20;4.177,47 €;16.899,78 €;0,00 €;-12.722,30 €;8.284.962,87 €
2025-09-21;3.779,68 €;15.661,63 €;0,00 €;-11.881,96 €;8.273.080,91 €
2025-09-22;3.264,80 €;16.687,67 €;0,00 €;-13.422,87 €;8.259.658,04 €
2025-09-23;2.745,73 €;14.571,76 €;0,00 €;-11.826,02 €;8.247.832,02 €
2025-09-24;2.951,36 €;14.850,84 €;0,00 €;-11.899,48 €;8.235.932,55 €
2025-09-25;3.252,64 €;15.024,83 €;0,00 €;-11.772,20 €;8.224.160,35 €
2025-09-26;3.234,76 €;12.940,91 €;0,00 €;-9.706,15 €;8.214.454,20 €
2025-09-27;3.170,56 €;17.012,64 €;0,00 €;-13.842,07 €;8.200.612,13 €
2025-09-28;3.200,58 €;17.507,39 €;350.000,00 €;-364.306,81 €;7.836.305,32 €
2025-09-29;3.108,81 €;14.667,98 €;0,00 €;-11.559,17 €;7.824.746,15 €
2025-09-30;2.495,01 €;16.242,30 €;0,00 €;-13.747,29 €;7.810.998,86 €
2025-10-01;456.574,46 €;15.321,69 €;0,00 €;441.252,77 €;8.252.251,63 €
2025-10-02;528.131,20 €;16.212,41 €;0,00 €;511.918,79 €;8.764.170,42 €
2025-10-03;413.983,29 €;14.778,63 €;0,00 €;399.204,65 €;9.163.375,07 €
2025-10-04;472.922,22 €;14.394,86 €;0,00 €;458.527,36 €;9.621.902,44 €
2025-10-05;441.412,30 €;17.298,11 €;1.200.000,00 €;-775.885,81 €;8.846.016,63 €
2025-10-06;3.271,68 €;15.624,19 €;0,00 €;-12.352,52 €;8.833.664,11 €
2025-10-07;3.021,68 €;18.753,16 €;0,00 €;-15.731,48 €;8.817.932,63 €
2025-10-08;3.954,70 €;15.789,46 €;0,00 €;-11.834,77 €;8.806.097,86 €
2025-10-09;3.469,29 €;14.330,88 €;0,00 €;-10.861,59 €;8.795.236,27 €
2025-10-10;2.560,10 €;17.560,41 €;0,00 €;-15.000,31 €;8.780.235,96 €
2025-10-11;3.551,61 €;16.666,20 €;0,00 €;-13.114,59 €;8.767.121,37 €
2025-10-12;2.828,67 €;16.810,31 €;0,00 €;-13.981,64 €;8.753.139,74 €
2025-10-13;2.927,50 €;17.505,90 €;0,00 €;-14.578,40 €;8.738.561,34 €
2025-10-14;3.372,91 €;14.740,81 €;0,00 €;-11.367,90 €;8.727.193,44 €
2025-10-15;2.970,13 €;15.529,12 €;0,00 €;-12.558,99 €;8.714.634,45 €
2025-10-16;3.662,43 €;15.462,83 €;0,00 €;-11.800,40 €;8.702.834,05 €
2025-10-17;2.828,74 €;13.783,88 €;0,00 €;-10.955,14 €;8.691.878,91 €
2025-10-18;2.906,53 €;15.324,61 €;0,00 €;-12.418,09 €;8.679.460,83 €
2025-10-19;2.887,81 €;17.724,57 €;0,00 €;-14.836,75 €;8.664.624,07 €
2025-10-20;2.933,18 €;16.076,01 €;400.000,00 €;-413.142,83 €;8.251.481,24 €
2025-10-21;3.765,60 €;13.700,91 €;0,00 €;-9.935,31 €;8.241.545,93 €
2025-10-22;3.530,40 €;13.386,24 €;0,00 €;-9.855,84 €;8.231.690,09 €
2025-10-23;4.070,97 €;18.217,16 €;0,00 €;-14.146,19 €;8.217.543,90 €
2025-10-24;4.349,82 €;15.584,52 €;0,00 €;-11.234,70 €;8.206.309,20 €
2025-10-25;2.700,64 €;14.748,88 €;0,00 €;-12.048,24 €;8.194.260,95 €
2025-10-26;3.251,21 €;15.309,01 €;0,00 €;-12.057,80 €;8.182.203,15 €
2025-10-27;2.627,90 €;13.504,04 €;0,00 €;-10.876,14 €;8.171.327,01 €
2025-10-28;2.827,20 €;17.854,64 €;350.000,00 €;-365.027,45 €;7.806.299,57 €
2025-10-29;2.900,96 €;15.130,42 €;0,00 €;-12.229,46 €;7.794.070,11 €
2025-10-30;2.687,42 €;17.771,10 €;0,00 €;-15.083,68 €;7.778.986,43 €
2025-10-31;2.690,06 €;15.797,48 €;0,00 €;-13.107,42 €;7.765.879,01 €
2025-11-01;475.185,78 €;17.864,30 €;0,00 €;457.321,48 €;8.223.200,49 €
2025-11-02;421.564,08 €;16.105,04 €;0,00 €;405.459,04 €;8.628.659,53 €
2025-11-03;524.506,35 €;16.999,85 €;0,00 €;507.506,50 €;9.136.166,02 €
2025-11-04;436.512,32 €;16.798,64 €;0,00 €;419.713,68 €;9.555.879,71 €
2025-11-05;622.878,45 €;16.654,94 €;1.200.000,00 €;-593.776,49 €;8.962.103,22 €
2025-11-06;2.990,31 €;16.241,90 €;0,00 €;-13.251,59 €;8.948.851,63 €
2025-11-07;3.252,01 €;15.370,72 €;0,00 €;-12.118,72 €;8.936.732,91 €
2025-11-08;2.568,33 €;18.593,15 €;0,00 €;-16.024,82 €;8.920.708,09 €
2025-11-09;4.069,05 €;14.359,59 €;0,00 €;-10.290,55 €;8.910.417,54 €
2025-11-10;3.775,75 €;15.726,46 €;0,00 €;-11.950,71 €;8.898.466,83 €
2025-11-11;3.364,46 €;15.742,33 €;0,00 €;-12.377,87 €;8.886.088,96 €
2025-11-12;2.542,60 €;16.323,66 €;0,00 €;-13.781,06 €;8.872.307,90 €
2025-11-13;3.321,33 €;15.075,79 €;0,00 €;-11.754,46 €;8.860.553,44 €
2025-11-14;2.655,28 €;16.192,12 €;0,00 €;-13.536,83 €;8.847.016,60 €
2025-11-15;3.947,18 €;15.466,74 €;0,00 €;-11.519,56 €;8.835.497,04 €
2025-11-16;3.620,60 €;13.347,07 €;0,00 €;-9.726,47 €;8.825.770,57 €
2025-11-17;3.263,72 €;15.734,33 €;0,00 €;-12.470,61 €;8.813.299,96 €
2025-11-18;1.997,81 €;14.069,15 €;0,00 €;-12.071,34 €;8.801.228,62 €
2025-11-19;2.724,29 €;13.118,42 €;0,00 €;-10.394,13 €;8.790.834,49 €
2025-11-20;3.559,88 €;15.925,31 €;0,00 €;-12.365,43 €;8.778.469,06 €
2025-11-21;3.822,44 €;16.451,83 €;0,00 €;-12.629,38 €;8.765.839,68 €
2025-11-22;3.770,58 €;16.510,05 €;0,00 €;-12.739,46 €;8.753.100,22 €
2025-11-23;2.419,99 €;16.570,76 €;0,00 €;-14.150,76 €;8.738.949,45 €
2025-11-24;3.366,78 €;12.821,12 €;0,00 €;-9.454,34 €;8.729.495,11 €
2025-11-25;3.723,76 €;13.678,47 €;0,00 €;-9.954,72 €;8.719.540,40 €
2025-11-26;2.386,83 €;18.680,28 €;0,00 €;-16.293,45 €;8.703.246,95 €
2025-11-27;3.212,05 €;14.149,19 €;0,00 €;-10.937,14 €;8.692.309,81 €
2025-11-28;3.352,92 €;16.636,26 €;350.000,00 €;-363.283,34 €;8.329.026,47 €
2025-11-29;3.065,62 €;14.689,59 €;0,00 €;-11.623,98 €;8.317.402,49 €
2025-11-30;2.289,92 €;15.839,51 €;0,00 €;-13.549,59 €;8.303.852,90 €
2025-12-01;466.115,09 €;14.770,12 €;0,00 €;451.344,98 €;8.755.197,88 €
2025-12-02;466.034,73 €;16.562,31 €;0,00 €;449.472,42 €;9.204.670,29 €
2025-12-03;474.996,38 €;15.925,16 €;0,00 €;459.071,22 €;9.663.741,51 €
2025-12-04;454.226,43 €;15.047,57 €;0,00 €;439.178,86 €;10.102.920,38 €
2025-12-05;460.249,39 €;14.144,74 €;1.200.000,00 €;-753.895,35 €;9.349.025,03 €
2025-12-06;3.196,15 €;16.121,66 €;0,00 €;-12.925,51 €;9.336.099,51 €
2025-12-07;3.437,23 €;13.900,92 €;0,00 €;-10.463,69 €;9.325.635,82 €
2025-12-08;3.063,79 €;16.361,22 €;0,00 €;-13.297,43 €;9.312.338,38 €
2025-12-09;3.011,18 €;19.659,73 €;0,00 €;-16.648,55 €;9.295.689,83 €
2025-12-10;3.262,18 €;17.745,26 €;0,00 €;-14.483,08 €;9.281.206,75 €
2025-12-11;2.255,54 €;16.797,52 €;0,00 €;-14.541,98 €;9.266.664,77 €
2025-12-12;3.454,52 €;15.591,59 €;0,00 €;-12.137,07 €;9.254.527,70 €
2025-12-13;3.215,72 €;12.811,87 €;0,00 €;-9.596,15 €;9.244.931,55 €
2025-12-14;3.235,85 €;13.736,57 €;0,00 €;-10.500,72 €;9.234.430,83 €
2025-12-15;3.696,37 €;17.644,19 €;0,00 €;-13.947,82 €;9.220.483,00 €
2025-12-16;2.239,59 €;14.535,37 €;0,00 €;-12.295,77 €;9.208.187,23 €
2025-12-17;2.229,08 €;14.671,12 €;0,00 €;-12.442,04 €;9.195.745,19 €
2025-12-18;3.352,90 €;15.471,52 €;0,00 €;-12.118,62 €;9.183.626,57 €
2025-12-19;3.212,44 €;14.126,93 €;0,00 €;-10.914,49 €;9.172.712,08 €
2025-12-20;3.301,09 €;13.879,85 €;0,00 €;-10.578,76 €;9.162.133,32 €
2025-12-21;2.984,94 €;15.644,29 €;0,00 €;-12.659,35 €;9.149.473,97 €
2025-12-22;3.548,18 €;14.382,71 €;0,00 €;-10.834,53 €;9.138.639,44 €
2025-12-23;3.682,32 €;14.608,47 €;0,00 €;-10.926,15 €;9.127.713,29 €
2025-12-24;3.457,99 €;14.548,21 €;0,00 €;-11.090,22 €;9.116.623,07 €
2025-12-25;3.085,59 €;16.503,54 €;0,00 €;-13.417,95 €;9.103.205,11 €
2025-12-26;2.162,16 €;15.371,81 €;0,00 €;-13.209,66 €;9.089.995,45 €
2025-12-27;3.600,62 €;15.452,14 €;0,00 €;-11.851,52 €;9.078.143,93 €
2025-12-28;3.826,86 €;16.615,42 €;350.000,00 €;-362.788,55 €;8.715.355,38 €
2025-12-29;3.538,28 €;15.506,94 €;0,00 €;-11.968,66 €;8.703.386,71 €
2025-12-30;2.776,18 €;15.302,62 €;0,00 €;-12.526,44 €;8.690.860,27 €
2025-12-31;3.552,90 €;16.425,68 €;0,00 €;-12.872,78 €;8.677.987,50 €
2026-01-01;533.526,49 €;16.902,30 €;0,00 €;516.624,19 €;9.194.611,68 €
2026-01-02;568.440,81 €;15.679,39 €;0,00 €;552.761,42 €;9.747.373,11 €
2026-01-03;446.694,50 €;16.020,91 €;0,00 €;430.673,59 €;10.178.046,70 €
2026-01-04;479.177,27 €;14.727,31 €;0,00 €;464.449,96 €;10.642.496,66 €
2026-01-05;527.863,60 €;14.608,98 €;1.200.000,00 €;-686.745,37 €;9.955.751,28 €
2026-01-06;3.298,71 €;17.053,72 €;0,00 €;-13.755,02 €;9.941.996,27 €
2026-01-07;2.711,34 €;16.567,41 €;0,00 €;-13.856,08 €;9.928.140,19 €
2026-01-08;3.477,31 €;16.582,95 €;0,00 €;-13.105,64 €;9.915.034,55 €
2026-01-09;3.559,33 €;16.321,28 €;0,00 €;-12.761,95 €;9.902.272,60 €
2026-01-10;3.313,98 €;15.969,30 €;0,00 €;-12.655,32 €;9.889.617,28 €
2026-01-11;3.379,79 €;16.944,62 €;0,00 €;-13.564,83 €;9.876.052,45 €
2026-01-12;3.140,65 €;17.302,66 €;0,00 €;-14.162,02 €;9.861.890,43 €
2026-01-13;4.009,14 €;17.266,84 €;0,00 €;-13.257,70 €;9.848.632,73 €
2026-01-14;2.819,65 €;15.748,83 €;0,00 €;-12.929,18 €;9.835.703,55 €
2026-01-15;2.976,34 €;17.980,49 €;0,00 €;-15.004,15 €;9.820.699,40 €
2026-01-16;3.275,49 €;16.242,69 €;0,00 €;-12.967,20 €;9.807.732,20 €
2026-01-17;3.709,48 €;16.848,56 €;0,00 €;-13.139,09 €;9.794.593,12 €
2026-01-18;2.521,31 €;16.323,13 €;0,00 €;-13.801,82 €;9.780.791,30 €
2026-01-19;2.614,85 €;16.270,51 €;0,00 €;-13.655,66 €;9.767.135,64 €
2026-01-20;2.251,14 €;14.796,37 €;400.000,00 €;-412.545,24 €;9.354.590,40 €
2026-01-21;3.286,35 €;16.952,03 €;0,00 €;-13.665,68 €;9.340.924,73 €
2026-01-22;2.710,85 €;20.167,94 €;0,00 €;-17.457,09 €;9.323.467,63 €
2026-01-23;3.077,72 €;15.337,81 €;0,00 €;-12.260,08 €;9.311.207,55 €
2026-01-24;3.600,69 €;16.006,49 €;0,00 €;-12.405,80 €;9.298.801,75 €
2026-01-25;2.949,23 €;15.230,69 €;0,00 €;-12.281,46 €;9.286.520,28 €
2026-01-26;3.385,64 €;15.167,97 €;0,00 €;-11.782,33 €;9.274.737,95 €
2026-01-27;3.120,33 €;18.216,67 €;0,00 €;-15.096,34 €;9.259.641,61 €
2026-01-28;3.606,06 €;14.890,54 €;350.000,00 €;-361.284,49 €;8.898.357,12 €
2026-01-29;3.507,56 €;15.188,88 €;0,00 €;-11.681,32 €;8.886.675,81 €
2026-01-30;2.924,03 €;13.518,76 €;0,00 €;-10.594,73 €;8.876.081,08 €
2026-01-31;3.185,67 €;14.763,58 €;0,00 €;-11.577,91 €;8.864.503,17 €
2026-02-01;542.687,17 €;13.337,40 €;0,00 €;529.349,77 €;9.393.852,94 €
2026-02-02;510.168,84 €;16.847,71 €;0,00 €;493.321,14 €;9.887.174,08 €
2026-02-03;420.651,90 €;20.099,55 €;0,00 €;400.552,35 €;10.287.726,43 €
2026-02-04;523.280,90 €;15.349,98 €;0,00 €;507.930,92 €;10.795.657,35 €
2026-02-05;436.269,47 €;13.399,86 €;1.200.000,00 €;-777.130,39 €;10.018.526,96 €
2026-02-06;3.976,26 €;17.250,00 €;0,00 €;-13.273,74 €;10.005.253,21 €
2026-02-07;3.782,05 €;14.809,61 €;0,00 €;-11.027,56 €;9.994.225,65 €
2026-02-08;3.414,94 €;17.849,02 €;0,00 €;-14.434,08 €;9.979.791,57 €
2026-02-09;3.348,62 €;15.476,96 €;0,00 €;-12.128,34 €;9.967.663,23 €
2026-02-10;3.165,48 €;14.952,28 €;0,00 €;-11.786,79 €;9.955.876,44 €
2026-02-11;3.609,26 €;15.633,06 €;0,00 €;-12.023,80 €;9.943.852,64 €
2026-02-12;3.084,61 €;17.036,67 €;0,00 €;-13.952,05 €;9.929.900,58 €
2026-02-13;3.387,78 €;15.558,87 €;0,00 €;-12.171,08 €;9.917.729,50 €
2026-02-14;3.705,97 €;15.154,91 €;0,00 €;-11.448,95 €;9.906.280,55 €
2026-02-15;2.989,10 €;15.601,75 €;0,00 €;-12.612,66 €;9.893.667,90 €
2026-02-16;2.961,90 €;13.992,22 €;0,00 €;-11.030,31 €;9.882.637,59 €
2026-02-17;2.672,82 €;16.495,55 €;0,00 €;-13.822,73 €;9.868.814,86 €
2026-02-18;2.737,76 €;13.219,91 €;0,00 €;-10.482,15 €;9.858.332,71 €
2026-02-19;2.355,80 €;15.233,82 €;0,00 €;-12.878,02 €;9.845.454,69 €
2026-02-20;3.634,91 €;17.039,08 €;0,00 €;-13.404,16 €;9.832.050,53 €
2026-02-21;4.174,46 €;16.354,57 €;0,00 €;-12.180,12 €;9.819.870,41 €
2026-02-22;3.982,66 €;16.785,48 €;0,00 €;-12.802,82 €;9.807.067,60 €
2026-02-23;2.456,96 €;15.802,43 €;0,00 €;-13.345,47 €;9.793.722,12 €
2026-02-24;3.632,43 €;17.654,62 €;0,00 €;-14.022,19 €;9.779.699,93 €
2026-02-25;3.981,05 €;17.287,05 €;0,00 €;-13.306,00 €;9.766.393,94 €
2026-02-26;3.041,60 €;16.569,21 €;0,00 €;-13.527,62 €;9.752.866,32 €
2026-02-27;3.320,72 €;17.291,32 €;0,00 €;-13.970,59 €;9.738.895,73 €
2026-02-28;2.266,05 €;17.025,64 €;350.000,00 €;-364.759,58 €;9.374.136,14 €
