Fecha,Cobros,Pagos_Operativos,Pagos_Programados,Flujo_Caja,Saldo_Bancario
2021-01-01,465235.85,15400.1,0.0,449835.75,3649835.75
2021-01-02,398000.79,13404.66,0.0,384596.13,4034431.88
2021-01-03,487522.56,15299.45,0.0,472223.11,4506654.99
2021-01-04,497028.24,12658.2,0.0,484370.04,4991025.03
2021-01-05,352448.24,15814.29,1200000.0,-863366.05,4127658.98
2021-01-06,2348.91,16536.77,0.0,-14187.86,4113471.13
2021-01-07,3063.92,13825.23,0.0,-10761.31,4102709.82
2021-01-08,2841.88,13294.62,0.0,-10452.74,4092257.08
2021-01-09,2991.6,11765.97,0.0,-8774.37,4083482.71
2021-01-10,2573.48,14600.38,0.0,-12026.9,4071455.81
2021-01-11,3439.7,14127.61,0.0,-10687.91,4060767.9
2021-01-12,3388.9,12673.47,0.0,-9284.57,4051483.33
2021-01-13,3033.02,15679.53,0.0,-12646.51,4038836.81
2021-01-14,3563.62,14325.04,0.0,-10761.42,4028075.39
2021-01-15,3233.75,13386.4,0.0,-10152.64,4017922.75
2021-01-16,2570.35,14168.14,0.0,-11597.79,4006324.96
2021-01-17,3184.38,16606.96,0.0,-13422.58,3992902.38
2021-01-18,2520.56,15904.41,0.0,-13383.85,3979518.53
2021-01-19,3439.23,14804.96,0.0,-11365.74,3968152.8
2021-01-20,2975.04,15928.66,400000.0,-412953.62,3555199.18
2021-01-21,2907.57,13258.63,0.0,-10351.06,3544848.11
2021-01-22,2659.54,15048.56,0.0,-12389.02,3532459.09
2021-01-23,3611.27,15220.98,0.0,-11609.71,3520849.38
2021-01-24,2922.74,14295.25,0.0,-11372.51,3509476.87
2021-01-25,2785.84,15653.19,0.0,-12867.35,3496609.52
2021-01-26,2823.93,13829.35,0.0,-11005.42,3485604.1
2021-01-27,3266.15,15764.73,0.0,-12498.58,3473105.53
2021-01-28,3182.72,15827.79,350000.0,-362645.07,3110460.46
2021-01-29,3206.37,10624.26,0.0,-7417.89,3103042.57
2021-01-30,3215.41,16785.46,0.0,-13570.05,3089472.52
2021-01-31,4070.82,10428.55,0.0,-6357.73,3083114.79
2021-02-01,429679.25,14075.93,0.0,415603.32,3498718.11
2021-02-02,424387.86,16538.02,0.0,407849.84,3906567.95
2021-02-03,409311.36,14524.07,0.0,394787.29,4301355.25
2021-02-04,480798.97,12800.72,0.0,467998.25,4769353.5
2021-02-05,506448.61,13359.39,1200000.0,-706910.78,4062442.72
2021-02-06,2943.03,16540.36,0.0,-13597.33,4048845.39
2021-02-07,2579.92,12117.74,0.0,-9537.82,4039307.56
2021-02-08,2587.76,16693.49,0.0,-14105.73,4025201.84
2021-02-09,3325.3,14917.35,0.0,-11592.05,4013609.79
2021-02-10,3371.63,13211.41,0.0,-9839.78,4003770.01
2021-02-11,3271.58,14125.33,0.0,-10853.75,3992916.26
2021-02-12,2667.25,13474.16,0.0,-10806.92,3982109.34
2021-02-13,3116.08,16299.34,0.0,-13183.26,3968926.08
2021-02-14,3058.34,16098.64,0.0,-13040.3,3955885.78
2021-02-15,3109.34,12421.26,0.0,-9311.91,3946573.87
2021-02-16,3435.71,14394.61,0.0,-10958.9,3935614.97
2021-02-17,3111.8,13705.22,0.0,-10593.42,3925021.55
2021-02-18,3339.46,16940.26,0.0,-13600.81,3911420.74
2021-02-19,3033.79,12974.85,0.0,-9941.06,3901479.68
2021-02-20,3144.56,17406.34,0.0,-14261.78,3887217.89
2021-02-21,3315.64,14950.06,0.0,-11634.41,3875583.48
2021-02-22,2271.42,13257.1,0.0,-10985.68,3864597.8
2021-02-23,2840.16,13984.09,0.0,-11143.92,3853453.88
2021-02-24,2764.81,13797.57,0.0,-11032.76,3842421.12
2021-02-25,2680.56,13088.07,0.0,-10407.51,3832013.61
2021-02-26,2862.43,15142.24,0.0,-12279.81,3819733.8
2021-02-27,3747.47,13158.13,0.0,-9410.66,3810323.14
2021-02-28,2567.08,11729.45,350000.0,-359162.37,3451160.78
2021-03-01,498413.92,14430.49,0.0,483983.43,3935144.21
2021-03-02,365856.51,12295.72,0.0,353560.8,4288705.0
2021-03-03,433255.75,13871.76,0.0,419383.99,4708088.99
2021-03-04,458137.65,13636.35,0.0,444501.31,5152590.3
2021-03-05,479311.12,13693.18,1200000.0,-734382.06,4418208.24
2021-03-06,3355.61,18001.44,0.0,-14645.83,4403562.41
2021-03-07,3396.67,15084.62,0.0,-11687.94,4391874.47
2021-03-08,2825.64,15368.06,0.0,-12542.42,4379332.05
2021-03-09,2768.82,12335.4,0.0,-9566.58,4369765.47
2021-03-10,3428.99,14019.06,0.0,-10590.07,4359175.4
2021-03-11,2904.35,15322.95,0.0,-12418.61,4346756.8
2021-03-12,2362.16,13463.21,0.0,-11101.05,4335655.75
2021-03-13,2433.36,16362.09,0.0,-13928.74,4321727.01
2021-03-14,2540.27,13195.96,0.0,-10655.68,4311071.33
2021-03-15,3248.58,14570.45,0.0,-11321.87,4299749.46
2021-03-16,3071.21,14120.92,0.0,-11049.71,4288699.75
2021-03-17,3345.24,15246.48,0.0,-11901.24,4276798.51
2021-03-18,2786.37,14039.26,0.0,-11252.89,4265545.62
2021-03-19,3079.27,14593.66,0.0,-11514.39,4254031.23
2021-03-20,3312.8,14645.8,0.0,-11333.01,4242698.22
2021-03-21,2845.33,13898.42,0.0,-11053.09,4231645.13
2021-03-22,3228.39,15727.64,0.0,-12499.25,4219145.87
2021-03-23,2669.04,15357.58,0.0,-12688.55,4206457.33
2021-03-24,2818.47,14867.08,0.0,-12048.61,4194408.72
2021-03-25,2809.13,14354.31,0.0,-11545.18,4182863.54
2021-03-26,2402.08,16194.82,0.0,-13792.74,4169070.8
2021-03-27,3243.49,14646.25,0.0,-11402.76,4157668.04
2021-03-28,2765.3,14539.95,350000.0,-361774.66,3795893.39
2021-03-29,3006.25,15157.04,0.0,-12150.79,3783742.6
2021-03-30,3240.37,17544.88,0.0,-14304.51,3769438.09
2021-03-31,3223.27,12989.47,0.0,-9766.2,3759671.89
2021-04-01,483269.26,16154.79,0.0,467114.47,4226786.36
2021-04-02,445075.73,12160.24,0.0,432915.48,4659701.84
2021-04-03,428835.08,15325.91,0.0,413509.17,5073211.02
2021-04-04,446014.09,17362.62,0.0,428651.47,5501862.48
2021-04-05,365633.28,15733.0,1200000.0,-850099.72,4651762.76
2021-04-06,2276.44,15255.94,0.0,-12979.49,4638783.27
2021-04-07,2338.65,14159.33,0.0,-11820.68,4626962.59
2021-04-08,2501.38,15046.57,0.0,-12545.19,4614417.4
2021-04-09,3199.89,14621.91,0.0,-11422.02,4602995.38
2021-04-10,2547.26,13821.04,0.0,-11273.77,4591721.6
2021-04-11,2810.92,14565.19,0.0,-11754.27,4579967.33
2021-04-12,3649.61,15297.57,0.0,-11647.96,4568319.38
2021-04-13,2821.87,13849.17,0.0,-11027.31,4557292.07
2021-04-14,3368.76,13790.58,0.0,-10421.82,4546870.25
2021-04-15,2533.19,12959.63,0.0,-10426.44,4536443.81
2021-04-16,2897.28,15586.09,0.0,-12688.81,4523755.0
2021-04-17,2524.99,15817.98,0.0,-13293.0,4510462.01
2021-04-18,2830.48,15347.49,0.0,-12517.01,4497945.0
2021-04-19,3420.15,16447.76,0.0,-13027.6,4484917.4
2021-04-20,2136.34,15131.8,400000.0,-412995.46,4071921.94
2021-04-21,3217.21,15588.02,0.0,-12370.8,4059551.13
2021-04-22,3118.87,15455.76,0.0,-12336.89,4047214.24
2021-04-23,2702.93,14862.69,0.0,-12159.76,4035054.48
2021-04-24,2276.97,14203.77,0.0,-11926.8,4023127.68
2021-04-25,3036.06,18321.23,0.0,-15285.16,4007842.52
2021-04-26,2735.25,14322.07,0.0,-11586.82,3996255.7
2021-04-27,3116.34,14001.18,0.0,-10884.85,3985370.85
2021-04-28,3010.93,15651.01,350000.0,-362640.09,3622730.76
2021-04-29,3800.89,15377.78,0.0,-11576.89,3611153.87
2021-04-30,2880.32,12892.81,0.0,-10012.49,3601141.38
2021-05-01,398825.13,16684.02,0.0,382141.11,3983282.49
2021-05-02,458963.78,14858.71,0.0,444105.07,4427387.56
2021-05-03,460999.83,13333.6,0.0,447666.23,4875053.79
2021-05-04,517959.38,16783.18,0.0,501176.2,5376230.0
2021-05-05,491755.56,15938.51,1200000.0,-724182.95,4652047.04
2021-05-06,3178.44,13103.19,0.0,-9924.75,4642122.29
2021-05-07,3731.65,17665.77,0.0,-13934.12,4628188.17
2021-05-08,2405.62,15988.2,0.0,-13582.58,4614605.59
2021-05-09,2680.12,14984.71,0.0,-12304.58,4602301.01
2021-05-10,2536.71,17385.33,0.0,-14848.62,4587452.39
2021-05-11,2805.1,15238.95,0.0,-12433.85,4575018.54
2021-05-12,2311.66,14957.88,0.0,-12646.22,4562372.32
2021-05-13,3317.58,14009.55,0.0,-10691.97,4551680.35
2021-05-14,2888.89,15872.78,0.0,-12983.89,4538696.46
2021-05-15,2264.6,15714.9,0.0,-13450.31,4525246.16
2021-05-16,2492.21,15022.02,0.0,-12529.81,4512716.35
2021-05-17,3156.76,13815.02,0.0,-10658.26,4502058.08
2021-05-18,3419.06,15194.89,0.0,-11775.83,4490282.25
2021-05-19,3998.37,14895.3,0.0,-10896.94,4479385.31
2021-05-20,4456.93,12999.79,0.0,-8542.86,4470842.46
2021-05-21,3207.2,12792.28,0.0,-9585.08,4461257.38
2021-05-22,2505.23,15847.73,0.0,-13342.5,4447914.88
2021-05-23,1933.98,11097.17,0.0,-9163.19,4438751.69
2021-05-24,3133.86,15308.12,0.0,-12174.26,4426577.43
2021-05-25,2593.53,14282.88,0.0,-11689.35,4414888.08
2021-05-26,2792.32,16962.37,0.0,-14170.05,4400718.04
2021-05-27,2693.95,14259.8,0.0,-11565.85,4389152.19
2021-05-28,2929.6,15989.23,350000.0,-363059.62,4026092.57
2021-05-29,3532.99,14404.63,0.0,-10871.64,4015220.93
2021-05-30,3078.52,15170.62,0.0,-12092.1,4003128.83
2021-05-31,2920.68,16105.25,0.0,-13184.57,3989944.26
2021-06-01,398217.31,14306.17,0.0,383911.15,4373855.4
2021-06-02,366265.85,16494.83,0.0,349771.02,4723626.43
2021-06-03,425684.6,13509.45,0.0,412175.15,5135801.58
2021-06-04,447310.87,15441.89,0.0,431868.98,5567670.56
2021-06-05,538396.5,16383.96,1200000.0,-677987.46,4889683.1
2021-06-06,3065.14,15990.06,0.0,-12924.92,4876758.18
2021-06-07,3491.37,17874.67,0.0,-14383.3,4862374.88
2021-06-08,2750.35,13854.84,0.0,-11104.49,4851270.39
2021-06-09,2407.53,12931.28,0.0,-10523.75,4840746.64
2021-06-10,2517.44,13508.5,0.0,-10991.06,4829755.59
2021-06-11,2637.39,15990.66,0.0,-13353.28,4816402.31
2021-06-12,4064.23,15746.88,0.0,-11682.65,4804719.66
2021-06-13,2589.31,15153.38,0.0,-12564.08,4792155.58
2021-06-14,3419.24,13315.56,0.0,-9896.32,4782259.26
2021-06-15,2548.54,16150.3,0.0,-13601.76,4768657.5
2021-06-16,3465.79,13162.94,0.0,-9697.16,4758960.34
2021-06-17,3192.48,16738.42,0.0,-13545.95,4745414.39
2021-06-18,2921.68,19286.16,0.0,-16364.48,4729049.92
2021-06-19,2979.62,15549.68,0.0,-12570.06,4716479.86
2021-06-20,2672.61,15874.66,0.0,-13202.06,4703277.8
2021-06-21,3223.04,14260.71,0.0,-11037.67,4692240.13
2021-06-22,2772.51,12284.68,0.0,-9512.17,4682727.96
2021-06-23,2387.2,14095.92,0.0,-11708.72,4671019.23
2021-06-24,2361.03,13360.66,0.0,-10999.63,4660019.61
2021-06-25,3086.29,12829.49,0.0,-9743.2,4650276.41
2021-06-26,3789.55,17583.54,0.0,-13793.99,4636482.41
2021-06-27,3080.0,15409.29,0.0,-12329.3,4624153.11
2021-06-28,2940.68,15569.53,350000.0,-362628.85,4261524.26
2021-06-29,3142.91,14536.47,0.0,-11393.55,4250130.71
2021-06-30,3653.0,14740.69,1000000.0,-1011087.69,3239043.02
2021-07-01,66755.06,26929.1,0.0,39825.96,3278868.98
2021-07-02,61712.58,24935.33,0.0,36777.26,3315646.23
2021-07-03,106062.89,26061.39,0.0,80001.5,3395647.73
2021-07-04,99287.56,24607.99,0.0,74679.57,3470327.31
2021-07-05,77286.05,24315.69,1200000.0,-1147029.65,2323297.66
2021-07-06,66465.88,22186.17,0.0,44279.7,2367577.36
2021-07-07,55204.25,21044.5,0.0,34159.75,2401737.11
2021-07-08,54054.73,24476.88,0.0,29577.85,2431314.96
2021-07-09,78207.42,25112.99,0.0,53094.43,2484409.39
2021-07-10,112236.66,22427.74,0.0,89808.92,2574218.31
2021-07-11,93204.81,24931.05,0.0,68273.76,2642492.06
2021-07-12,61934.5,25107.51,0.0,36827.0,2679319.06
2021-07-13,76691.55,20687.98,0.0,56003.57,2735322.63
2021-07-14,56143.63,23169.75,0.0,32973.88,2768296.51
2021-07-15,57842.18,25814.53,0.0,32027.66,2800324.17
2021-07-16,70146.61,25774.12,0.0,44372.5,2844696.67
2021-07-17,91053.95,22692.65,0.0,68361.3,2913057.97
2021-07-18,94948.78,25316.9,0.0,69631.89,2982689.85
2021-07-19,63692.46,27044.81,0.0,36647.64,3019337.49
2021-07-20,67700.6,26554.15,400000.0,-358853.55,2660483.94
2021-07-21,76259.85,24809.43,0.0,51450.43,2711934.37
2021-07-22,65724.68,24064.05,0.0,41660.63,2753595.0
2021-07-23,70151.51,23741.31,0.0,46410.2,2800005.2
2021-07-24,74498.28,25935.64,0.0,48562.64,2848567.84
2021-07-25,94512.82,25390.21,0.0,69122.61,2917690.45
2021-07-26,58254.16,26258.81,0.0,31995.35,2949685.8
2021-07-27,55249.5,25263.75,0.0,29985.75,2979671.55
2021-07-28,57974.78,26637.53,350000.0,-318662.75,2661008.8
2021-07-29,62327.01,25189.19,0.0,37137.83,2698146.63
2021-07-30,72327.22,26569.38,0.0,45757.84,2743904.47
2021-07-31,81736.07,26741.65,0.0,54994.43,2798898.9
2021-08-01,95306.31,23390.95,0.0,71915.37,2870814.27
2021-08-02,61126.64,21383.71,0.0,39742.93,2910557.2
2021-08-03,62378.62,28086.99,0.0,34291.63,2944848.83
2021-08-04,73022.06,25513.32,0.0,47508.75,2992357.57
2021-08-05,69304.92,21571.03,1200000.0,-1152266.1,1840091.47
2021-08-06,75699.18,23572.36,0.0,52126.82,1892218.29
2021-08-07,93454.94,26543.75,0.0,66911.19,1959129.49
2021-08-08,88040.57,24440.65,0.0,63599.93,2022729.41
2021-08-09,63209.13,23975.88,0.0,39233.25,2061962.67
2021-08-10,66939.97,27801.76,0.0,39138.21,2101100.88
2021-08-11,66412.59,22905.43,0.0,43507.16,2144608.04
2021-08-12,56324.9,23403.69,0.0,32921.2,2177529.24
2021-08-13,65723.92,25422.77,0.0,40301.15,2217830.39
2021-08-14,97282.28,25780.91,0.0,71501.37,2289331.76
2021-08-15,120174.74,25992.69,0.0,94182.05,2383513.81
2021-08-16,80014.76,26822.48,0.0,53192.28,2436706.09
2021-08-17,58174.05,25397.16,0.0,32776.9,2469482.99
2021-08-18,62700.93,25978.77,0.0,36722.17,2506205.16
2021-08-19,53292.46,24481.58,0.0,28810.88,2535016.04
2021-08-20,60274.34,25125.4,0.0,35148.95,2570164.99
2021-08-21,98156.05,25215.07,0.0,72940.98,2643105.97
2021-08-22,107058.54,25430.2,0.0,81628.34,2724734.31
2021-08-23,59167.33,26545.08,0.0,32622.25,2757356.56
2021-08-24,59766.83,26110.29,0.0,33656.54,2791013.09
2021-08-25,47821.69,25088.43,0.0,22733.25,2813746.35
2021-08-26,63698.67,23381.75,0.0,40316.92,2854063.27
2021-08-27,56500.68,25135.34,0.0,31365.34,2885428.61
2021-08-28,89705.61,24943.96,350000.0,-285238.36,2600190.26
2021-08-29,86231.39,25386.36,0.0,60845.03,2661035.29
2021-08-30,64245.9,29413.05,0.0,34832.85,2695868.13
2021-08-31,50938.17,23952.45,0.0,26985.72,2722853.85
2021-09-01,376647.74,15633.43,0.0,361014.3,3083868.16
2021-09-02,556462.36,16602.69,0.0,539859.66,3623727.82
2021-09-03,385628.87,15147.0,0.0,370481.87,3994209.69
2021-09-04,395160.72,18506.77,0.0,376653.95,4370863.64
2021-09-05,541845.68,14432.94,1200000.0,-672587.26,3698276.38
2021-09-06,4452.53,15486.13,0.0,-11033.6,3687242.78
2021-09-07,2414.22,13801.79,0.0,-11387.57,3675855.2
2021-09-08,2815.88,14472.71,0.0,-11656.84,3664198.36
2021-09-09,3170.78,15373.4,0.0,-12202.62,3651995.74
2021-09-10,3864.35,16269.46,0.0,-12405.11,3639590.63
2021-09-11,2506.57,15478.64,0.0,-12972.07,3626618.56
2021-09-12,2877.36,16888.67,0.0,-14011.31,3612607.25
2021-09-13,3388.67,14857.55,0.0,-11468.88,3601138.37
2021-09-14,3217.38,14501.75,0.0,-11284.36,3589854.0
2021-09-15,2811.92,19055.98,0.0,-16244.06,3573609.95
2021-09-16,2933.09,15591.36,0.0,-12658.27,3560951.68
2021-09-17,2312.55,13920.78,0.0,-11608.23,3549343.45
2021-09-18,2880.91,13958.6,0.0,-11077.69,3538265.76
2021-09-19,2866.81,13585.98,0.0,-10719.17,3527546.59
2021-09-20,3116.08,16404.85,0.0,-13288.77,3514257.82
2021-09-21,2722.34,14453.43,0.0,-11731.1,3502526.72
2021-09-22,3235.77,15191.04,0.0,-11955.27,3490571.45
2021-09-23,3506.36,14904.74,0.0,-11398.38,3479173.07
2021-09-24,3077.71,16097.24,0.0,-13019.52,3466153.55
2021-09-25,3175.88,13729.88,0.0,-10554.01,3455599.54
2021-09-26,3026.58,13386.64,0.0,-10360.06,3445239.48
2021-09-27,3000.04,15336.45,0.0,-12336.4,3432903.07
2021-09-28,2639.22,15901.44,350000.0,-363262.22,3069640.85
2021-09-29,3158.25,15498.8,0.0,-12340.55,3057300.3
2021-09-30,2951.36,13785.82,0.0,-10834.46,3046465.84
2021-10-01,554658.42,16016.23,0.0,538642.19,3585108.03
2021-10-02,528667.75,13884.21,0.0,514783.54,4099891.56
2021-10-03,469292.33,14217.69,0.0,455074.64,4554966.2
2021-10-04,411847.14,13584.07,0.0,398263.07,4953229.27
2021-10-05,394379.43,16951.74,1200000.0,-822572.31,4130656.96
2021-10-06,3595.57,15950.13,0.0,-12354.56,4118302.4
2021-10-07,3131.37,15907.49,0.0,-12776.12,4105526.28
2021-10-08,3240.07,16870.82,0.0,-13630.75,4091895.54
2021-10-09,2127.71,19218.97,0.0,-17091.27,4074804.27
2021-10-10,3463.72,12436.16,0.0,-8972.44,4065831.83
2021-10-11,3227.21,13892.44,0.0,-10665.22,4055166.6
2021-10-12,2444.78,14075.74,0.0,-11630.95,4043535.65
2021-10-13,2764.24,13723.77,0.0,-10959.53,4032576.12
2021-10-14,3131.86,13383.63,0.0,-10251.77,4022324.35
2021-10-15,3026.23,14550.52,0.0,-11524.29,4010800.06
2021-10-16,2853.91,13175.09,0.0,-10321.18,4000478.88
2021-10-17,2948.26,15502.56,0.0,-12554.31,3987924.58
2021-10-18,2874.01,15077.55,0.0,-12203.54,3975721.04
2021-10-19,3076.28,15721.54,0.0,-12645.26,3963075.78
2021-10-20,3735.75,15761.59,400000.0,-412025.85,3551049.93
2021-10-21,1716.67,15904.51,0.0,-14187.84,3536862.09
2021-10-22,2881.57,14439.89,0.0,-11558.31,3525303.78
2021-10-23,3088.26,18181.72,0.0,-15093.46,3510210.32
2021-10-24,3148.0,15351.65,0.0,-12203.65,3498006.67
2021-10-25,2814.04,12206.27,0.0,-9392.23,3488614.44
2021-10-26,2121.64,13496.44,0.0,-11374.8,3477239.65
2021-10-27,3164.0,12389.25,0.0,-9225.25,3468014.4
2021-10-28,3863.68,15026.0,350000.0,-361162.33,3106852.07
2021-10-29,2233.07,14817.29,0.0,-12584.22,3094267.85
2021-10-30,3431.91,14297.36,0.0,-10865.45,3083402.4
2021-10-31,2835.74,18016.39,0.0,-15180.65,3068221.75
2021-11-01,446933.78,15823.47,0.0,431110.31,3499332.06
2021-11-02,397355.07,16089.15,0.0,381265.93,3880597.98
2021-11-03,433277.19,13603.39,0.0,419673.8,4300271.79
2021-11-04,515002.23,13501.28,0.0,501500.95,4801772.73
2021-11-05,479132.76,15055.21,1200000.0,-735922.45,4065850.29
2021-11-06,3866.16,15259.51,0.0,-11393.35,4054456.93
2021-11-07,3588.71,12215.53,0.0,-8626.83,4045830.1
2021-11-08,3219.54,14729.54,0.0,-11510.0,4034320.11
2021-11-09,3871.97,15021.11,0.0,-11149.14,4023170.97
2021-11-10,3219.5,14677.28,0.0,-11457.78,4011713.19
2021-11-11,3413.99,13779.91,0.0,-10365.92,4001347.27
2021-11-12,2851.71,14190.7,0.0,-11338.98,3990008.28
2021-11-13,3033.27,14734.71,0.0,-11701.44,3978306.85
2021-11-14,2651.29,15136.2,0.0,-12484.91,3965821.93
2021-11-15,3494.79,15907.19,0.0,-12412.4,3953409.54
2021-11-16,2410.85,16621.28,0.0,-14210.44,3939199.1
2021-11-17,3391.18,14558.48,0.0,-11167.3,3928031.8
2021-11-18,2904.67,14315.77,0.0,-11411.09,3916620.71
2021-11-19,3585.62,15656.48,0.0,-12070.86,3904549.85
2021-11-20,3375.43,15916.27,0.0,-12540.83,3892009.02
2021-11-21,3910.32,14348.7,0.0,-10438.38,3881570.64
2021-11-22,3365.39,16185.59,0.0,-12820.2,3868750.44
2021-11-23,2213.98,16469.38,0.0,-14255.4,3854495.04
2021-11-24,2966.52,16937.53,0.0,-13971.01,3840524.03
2021-11-25,2414.0,17667.48,0.0,-15253.48,3825270.55
2021-11-26,2740.86,13700.38,0.0,-10959.52,3814311.03
2021-11-27,3755.61,15020.85,0.0,-11265.23,3803045.8
2021-11-28,3318.77,15016.92,350000.0,-361698.15,3441347.65
2021-11-29,2650.53,14852.89,0.0,-12202.35,3429145.29
2021-11-30,2493.14,14026.11,0.0,-11532.96,3417612.33
2021-12-01,451639.1,12771.66,0.0,438867.45,3856479.78
2021-12-02,389171.99,15139.02,0.0,374032.97,4230512.75
2021-12-03,416442.99,13847.47,0.0,402595.52,4633108.27
2021-12-04,465600.47,15128.99,0.0,450471.48,5083579.75
2021-12-05,507765.6,13808.93,1200000.0,-706043.33,4377536.42
2021-12-06,3304.38,13350.51,0.0,-10046.13,4367490.29
2021-12-07,1854.36,15351.45,0.0,-13497.09,4353993.2
2021-12-08,3152.18,15226.38,0.0,-12074.2,4341919.0
2021-12-09,3036.02,15868.92,0.0,-12832.91,4329086.09
2021-12-10,3206.95,18278.8,0.0,-15071.85,4314014.24
2021-12-11,3808.1,15415.93,0.0,-11607.83,4302406.41
2021-12-12,1968.38,15727.62,0.0,-13759.24,4288647.17
2021-12-13,2704.45,13383.66,0.0,-10679.21,4277967.96
2021-12-14,3295.45,13069.64,0.0,-9774.19,4268193.77
2021-12-15,2209.2,17374.24,0.0,-15165.04,4253028.73
2021-12-16,3737.97,13614.78,0.0,-9876.81,4243151.93
2021-12-17,3184.18,13434.08,0.0,-10249.91,4232902.02
2021-12-18,3423.29,14941.35,0.0,-11518.06,4221383.96
2021-12-19,2714.53,14864.71,0.0,-12150.18,4209233.78
2021-12-20,3406.88,13646.24,0.0,-10239.36,4198994.42
2021-12-21,3534.24,14542.54,0.0,-11008.3,4187986.12
2021-12-22,3116.44,16844.06,0.0,-13727.62,4174258.49
2021-12-23,3117.2,13791.01,0.0,-10673.81,4163584.68
2021-12-24,3135.17,12909.49,0.0,-9774.32,4153810.36
2021-12-25,2568.33,16413.89,0.0,-13845.56,4139964.8
2021-12-26,2926.24,15738.45,0.0,-12812.21,4127152.59
2021-12-27,2923.74,14069.22,0.0,-11145.48,4116007.11
2021-12-28,3191.7,12626.75,350000.0,-359435.05,3756572.05
2021-12-29,3499.91,13883.06,0.0,-10383.15,3746188.9
2021-12-30,2470.73,14917.94,0.0,-12447.21,3733741.69
2021-12-31,2937.5,16748.51,0.0,-13811.01,3719930.68
2022-01-01,532172.78,13625.13,0.0,518547.65,4238478.33
2022-01-02,420920.59,15053.22,0.0,405867.37,4644345.7
2022-01-03,416987.5,16192.72,0.0,400794.78,5045140.48
2022-01-04,468215.31,11608.1,0.0,456607.21,5501747.69
2022-01-05,500319.26,16730.68,1200000.0,-716411.42,4785336.27
2022-01-06,3059.71,13406.32,0.0,-10346.61,4774989.66
2022-01-07,3718.48,15677.99,0.0,-11959.51,4763030.14
2022-01-08,3482.4,15550.02,0.0,-12067.63,4750962.52
2022-01-09,3474.91,16806.88,0.0,-13331.97,4737630.55
2022-01-10,3331.06,16006.39,0.0,-12675.33,4724955.22
2022-01-11,4217.83,11614.06,0.0,-7396.24,4717558.98
2022-01-12,2951.42,14002.83,0.0,-11051.41,4706507.57
2022-01-13,2052.24,15387.31,0.0,-13335.07,4693172.5
2022-01-14,3856.13,14887.53,0.0,-11031.4,4682141.1
2022-01-15,2825.15,15896.42,0.0,-13071.27,4669069.83
2022-01-16,3107.94,16364.05,0.0,-13256.11,4655813.72
2022-01-17,3708.78,16092.68,0.0,-12383.9,4643429.82
2022-01-18,2252.87,14858.59,0.0,-12605.72,4630824.1
2022-01-19,2428.18,12410.49,0.0,-9982.32,4620841.78
2022-01-20,2253.36,14496.78,400000.0,-412243.42,4208598.37
2022-01-21,2656.93,15804.55,0.0,-13147.62,4195450.75
2022-01-22,3273.82,13544.33,0.0,-10270.51,4185180.24
2022-01-23,3316.09,16126.91,0.0,-12810.82,4172369.42
2022-01-24,3192.14,16542.59,0.0,-13350.45,4159018.97
2022-01-25,2347.62,15370.3,0.0,-13022.68,4145996.28
2022-01-26,1898.95,10584.33,0.0,-8685.38,4137310.9
2022-01-27,3081.18,13262.87,0.0,-10181.69,4127129.21
2022-01-28,2818.11,18009.28,350000.0,-365191.17,3761938.04
2022-01-29,3283.69,14360.19,0.0,-11076.5,3750861.54
2022-01-30,3404.98,12203.79,0.0,-8798.81,3742062.73
2022-01-31,3123.12,17032.87,0.0,-13909.75,3728152.98
2022-02-01,496106.65,15200.03,0.0,480906.62,4209059.6
2022-02-02,469560.57,16837.41,0.0,452723.16,4661782.76
2022-02-03,484603.24,15595.44,0.0,469007.8,5130790.55
2022-02-04,422866.34,15867.84,0.0,406998.5,5537789.05
2022-02-05,449119.43,15724.51,1200000.0,-766605.08,4771183.97
2022-02-06,3152.39,16226.23,0.0,-13073.84,4758110.12
2022-02-07,3464.26,18596.15,0.0,-15131.88,4742978.24
2022-02-08,2857.13,16636.51,0.0,-13779.38,4729198.86
2022-02-09,3314.58,12809.49,0.0,-9494.91,4719703.95
2022-02-10,2921.08,15849.99,0.0,-12928.91,4706775.04
2022-02-11,2995.23,16892.22,0.0,-13896.99,4692878.05
2022-02-12,3468.76,16984.05,0.0,-13515.29,4679362.76
2022-02-13,2057.47,14540.09,0.0,-12482.62,4666880.14
2022-02-14,2405.76,16927.42,0.0,-14521.65,4652358.48
2022-02-15,2312.91,16571.61,0.0,-14258.71,4638099.78
2022-02-16,1887.19,19038.78,0.0,-17151.58,4620948.19
2022-02-17,2714.87,14055.0,0.0,-11340.13,4609608.06
2022-02-18,3428.72,14418.9,0.0,-10990.18,4598617.88
2022-02-19,2911.56,14720.82,0.0,-11809.26,4586808.62
2022-02-20,3152.9,14444.67,0.0,-11291.77,4575516.85
2022-02-21,3598.61,13844.97,0.0,-10246.36,4565270.49
2022-02-22,3717.84,11035.99,0.0,-7318.14,4557952.34
2022-02-23,3019.43,14527.95,0.0,-11508.52,4546443.82
2022-02-24,3730.79,15734.04,0.0,-12003.24,4534440.58
2022-02-25,3100.06,14440.17,0.0,-11340.1,4523100.47
2022-02-26,2635.3,18083.07,0.0,-15447.77,4507652.7
2022-02-27,2756.8,15200.06,0.0,-12443.26,4495209.44
2022-02-28,2313.73,17116.54,350000.0,-364802.81,4130406.63
2022-03-01,413693.31,15572.13,0.0,398121.18,4528527.8
2022-03-02,440199.17,16419.61,0.0,423779.55,4952307.36
2022-03-03,498279.25,15598.86,0.0,482680.39,5434987.75
2022-03-04,544138.49,17233.18,0.0,526905.31,5961893.06
2022-03-05,388990.92,15263.91,1200000.0,-826272.98,5135620.08
2022-03-06,3250.41,15924.18,0.0,-12673.77,5122946.31
2022-03-07,2533.73,15729.5,0.0,-13195.77,5109750.54
2022-03-08,3291.35,14747.57,0.0,-11456.22,5098294.32
2022-03-09,2988.46,15787.47,0.0,-12799.02,5085495.3
2022-03-10,2138.55,18531.58,0.0,-16393.03,5069102.27
2022-03-11,3518.15,14774.4,0.0,-11256.26,5057846.01
2022-03-12,2751.5,15809.2,0.0,-13057.7,5044788.31
2022-03-13,2787.05,17066.67,0.0,-14279.62,5030508.69
2022-03-14,2519.12,16890.38,0.0,-14371.26,5016137.44
2022-03-15,2726.86,15197.57,0.0,-12470.72,5003666.72
2022-03-16,3267.95,11604.92,0.0,-8336.97,4995329.75
2022-03-17,2959.38,15955.05,0.0,-12995.68,4982334.07
2022-03-18,3218.33,11850.79,0.0,-8632.46,4973701.62
2022-03-19,3234.96,17384.91,0.0,-14149.94,4959551.67
2022-03-20,3714.33,15434.21,0.0,-11719.88,4947831.79
2022-03-21,2882.61,16679.51,0.0,-13796.9,4934034.89
2022-03-22,2315.57,13826.83,0.0,-11511.26,4922523.62
2022-03-23,3587.61,12851.24,0.0,-9263.63,4913260.0
2022-03-24,2888.26,15571.13,0.0,-12682.88,4900577.12
2022-03-25,3611.3,15129.59,0.0,-11518.3,4889058.82
2022-03-26,3245.69,14442.69,0.0,-11197.0,4877861.82
2022-03-27,2988.43,15306.99,0.0,-12318.56,4865543.26
2022-03-28,3228.39,19331.15,350000.0,-366102.77,4499440.5
2022-03-29,4029.51,16431.79,0.0,-12402.28,4487038.21
2022-03-30,4092.49,16754.25,0.0,-12661.76,4474376.46
2022-03-31,3088.69,16445.91,0.0,-13357.21,4461019.24
2022-04-01,466109.53,17399.19,0.0,448710.34,4909729.58
2022-04-02,511912.01,14894.89,0.0,497017.12,5406746.69
2022-04-03,415816.95,12097.86,0.0,403719.09,5810465.78
2022-04-04,474753.52,14897.12,0.0,459856.4,6270322.18
2022-04-05,456806.86,16397.6,1200000.0,-759590.75,5510731.44
2022-04-06,3210.95,13725.3,0.0,-10514.35,5500217.09
2022-04-07,2637.32,14915.45,0.0,-12278.14,5487938.96
2022-04-08,2259.22,14142.35,0.0,-11883.13,5476055.83
2022-04-09,2017.51,17433.04,0.0,-15415.54,5460640.29
2022-04-10,2495.31,16304.19,0.0,-13808.88,5446831.41
2022-04-11,2824.66,16157.31,0.0,-13332.65,5433498.76
2022-04-12,2907.4,16112.4,0.0,-13205.0,5420293.77
2022-04-13,4022.62,15124.13,0.0,-11101.51,5409192.26
2022-04-14,3607.0,15476.33,0.0,-11869.34,5397322.92
2022-04-15,2572.95,13402.22,0.0,-10829.27,5386493.65
2022-04-16,3227.85,11900.34,0.0,-8672.48,5377821.17
2022-04-17,2850.46,15405.12,0.0,-12554.66,5365266.51
2022-04-18,2911.82,15665.99,0.0,-12754.17,5352512.34
2022-04-19,3146.66,16993.9,0.0,-13847.23,5338665.1
2022-04-20,3363.59,17537.0,400000.0,-414173.42,4924491.69
2022-04-21,2884.37,17535.0,0.0,-14650.63,4909841.06
2022-04-22,3585.93,13682.96,0.0,-10097.04,4899744.02
2022-04-23,2483.03,14651.6,0.0,-12168.57,4887575.45
2022-04-24,3057.17,15900.5,0.0,-12843.33,4874732.12
2022-04-25,4352.84,18977.86,0.0,-14625.02,4860107.1
2022-04-26,3165.54,17400.15,0.0,-14234.61,4845872.49
2022-04-27,3770.61,16859.1,0.0,-13088.49,4832784.0
2022-04-28,3099.76,14598.32,350000.0,-361498.56,4471285.44
2022-04-29,3344.39,13855.2,0.0,-10510.81,4460774.63
2022-04-30,3025.61,16363.36,0.0,-13337.75,4447436.88
2022-05-01,449579.62,13529.01,0.0,436050.61,4883487.49
2022-05-02,419125.88,14822.35,0.0,404303.53,5287791.02
2022-05-03,479615.07,15007.83,0.0,464607.23,5752398.26
2022-05-04,415523.14,17569.37,0.0,397953.77,6150352.03
2022-05-05,491379.26,14647.95,1200000.0,-723268.69,5427083.34
2022-05-06,3596.64,11521.13,0.0,-7924.48,5419158.86
2022-05-07,3237.27,15936.67,0.0,-12699.4,5406459.46
2022-05-08,2910.88,14131.47,0.0,-11220.59,5395238.86
2022-05-09,3280.98,15243.95,0.0,-11962.96,5383275.9
2022-05-10,2899.66,15049.94,0.0,-12150.28,5371125.62
2022-05-11,3521.77,14769.44,0.0,-11247.67,5359877.95
2022-05-12,2138.3,16365.51,0.0,-14227.21,5345650.74
2022-05-13,2886.2,12880.7,0.0,-9994.51,5335656.23
2022-05-14,2058.59,14404.48,0.0,-12345.88,5323310.35
2022-05-15,2306.47,16206.06,0.0,-13899.59,5309410.76
2022-05-16,3735.93,14258.87,0.0,-10522.94,5298887.82
2022-05-17,3501.59,12766.79,0.0,-9265.2,5289622.62
2022-05-18,2694.26,16182.83,0.0,-13488.57,5276134.05
2022-05-19,2302.75,16864.64,0.0,-14561.89,5261572.15
2022-05-20,1571.74,15112.51,0.0,-13540.77,5248031.38
2022-05-21,2782.25,12238.73,0.0,-9456.48,5238574.9
2022-05-22,4264.21,16238.95,0.0,-11974.75,5226600.15
2022-05-23,3271.44,12690.17,0.0,-9418.73,5217181.43
2022-05-24,2774.21,15643.2,0.0,-12868.99,5204312.44
2022-05-25,3286.54,13848.8,0.0,-10562.26,5193750.18
2022-05-26,2273.52,13440.24,0.0,-11166.72,5182583.46
2022-05-27,2905.34,14517.13,0.0,-11611.8,5170971.66
2022-05-28,3103.74,14905.05,350000.0,-361801.31,4809170.35
2022-05-29,3010.95,14213.69,0.0,-11202.74,4797967.61
2022-05-30,3449.4,16063.05,0.0,-12613.65,4785353.96
2022-05-31,3226.32,14510.9,0.0,-11284.57,4774069.38
2022-06-01,491516.3,16650.29,0.0,474866.01,5248935.4
2022-06-02,423681.39,15601.76,0.0,408079.63,5657015.02
2022-06-03,502990.77,14133.66,0.0,488857.11,6145872.13
2022-06-04,539546.85,13881.09,0.0,525665.76,6671537.89
2022-06-05,409592.52,12708.76,1200000.0,-803116.23,5868421.66
2022-06-06,2610.15,15616.1,0.0,-13005.95,5855415.71
2022-06-07,3721.89,14648.12,0.0,-10926.23,5844489.48
2022-06-08,2958.33,11621.71,0.0,-8663.38,5835826.1
2022-06-09,3755.91,14376.43,0.0,-10620.52,5825205.59
2022-06-10,2832.73,13828.45,0.0,-10995.72,5814209.87
2022-06-11,3781.52,17543.52,0.0,-13761.99,5800447.88
2022-06-12,3119.74,12625.83,0.0,-9506.09,5790941.79
2022-06-13,3183.11,13017.97,0.0,-9834.86,5781106.93
2022-06-14,3836.36,16844.95,0.0,-13008.6,5768098.33
2022-06-15,2873.11,17215.14,0.0,-14342.03,5753756.3
2022-06-16,2583.44,14062.53,0.0,-11479.09,5742277.22
2022-06-17,2829.72,14231.87,0.0,-11402.15,5730875.06
2022-06-18,3280.17,16104.35,0.0,-12824.19,5718050.88
2022-06-19,2271.12,11689.35,0.0,-9418.23,5708632.65
2022-06-20,3372.74,12388.21,0.0,-9015.47,5699617.17
2022-06-21,2784.61,14758.9,0.0,-11974.29,5687642.89
2022-06-22,3627.91,17504.84,0.0,-13876.93,5673765.96
2022-06-23,1856.87,14526.4,0.0,-12669.54,5661096.42
2022-06-24,2660.72,15331.41,0.0,-12670.69,5648425.73
2022-06-25,2210.77,16880.68,0.0,-14669.92,5633755.82
2022-06-26,2640.89,18340.33,0.0,-15699.44,5618056.37
2022-06-27,3177.83,14314.73,0.0,-11136.89,5606919.48
2022-06-28,2964.39,15154.74,350000.0,-362190.36,5244729.12
2022-06-29,2927.31,17913.08,0.0,-14985.77,5229743.35
2022-06-30,2974.41,12896.7,1000000.0,-1009922.29,4219821.06
2022-07-01,67797.11,27355.16,0.0,40441.94,4260263.0
2022-07-02,86624.64,23263.37,0.0,63361.27,4323624.27
2022-07-03,103778.5,25504.94,0.0,78273.55,4401897.82
2022-07-04,71471.33,24814.76,0.0,46656.57,4448554.39
2022-07-05,69250.3,23383.98,1200000.0,-1154133.67,3294420.72
2022-07-06,70622.27,23333.8,0.0,47288.47,3341709.19
2022-07-07,68541.34,25852.83,0.0,42688.52,3384397.7
2022-07-08,82450.59,27291.08,0.0,55159.51,3439557.21
2022-07-09,95839.06,25040.53,0.0,70798.53,3510355.74
2022-07-10,93639.17,25440.23,0.0,68198.94,3578554.68
2022-07-11,60141.78,26442.35,0.0,33699.43,3612254.11
2022-07-12,57911.9,23356.76,0.0,34555.14,3646809.25
2022-07-13,56214.23,26779.39,0.0,29434.84,3676244.09
2022-07-14,59059.62,26938.69,0.0,32120.94,3708365.03
2022-07-15,65604.56,30507.25,0.0,35097.3,3743462.33
2022-07-16,100052.95,24547.79,0.0,75505.16,3818967.49
2022-07-17,97221.42,24383.84,0.0,72837.58,3891805.07
2022-07-18,60045.72,26837.93,0.0,33207.79,3925012.86
2022-07-19,73371.48,26938.21,0.0,46433.27,3971446.13
2022-07-20,72085.3,24229.83,400000.0,-352144.52,3619301.6
2022-07-21,64892.81,24493.67,0.0,40399.14,3659700.74
2022-07-22,60946.67,26382.26,0.0,34564.41,3694265.15
2022-07-23,102194.28,23644.83,0.0,78549.45,3772814.6
2022-07-24,98589.74,24478.93,0.0,74110.8,3846925.4
2022-07-25,54584.98,25479.19,0.0,29105.8,3876031.2
2022-07-26,65626.16,27291.88,0.0,38334.28,3914365.48
2022-07-27,68266.29,24090.8,0.0,44175.48,3958540.96
2022-07-28,58972.44,21615.23,350000.0,-312642.79,3645898.17
2022-07-29,67688.75,21466.81,0.0,46221.94,3692120.12
2022-07-30,82161.78,22781.17,0.0,59380.6,3751500.72
2022-07-31,110071.86,22673.66,0.0,87398.2,3838898.91
2022-08-01,76153.6,24990.78,0.0,51162.82,3890061.74
2022-08-02,64149.86,22922.24,0.0,41227.62,3931289.36
2022-08-03,69077.63,23894.49,0.0,45183.14,3976472.5
2022-08-04,46890.62,23751.83,0.0,23138.8,3999611.3
2022-08-05,56919.22,24418.98,1200000.0,-1167499.77,2832111.53
2022-08-06,93772.21,27945.01,0.0,65827.2,2897938.73
2022-08-07,85988.67,26623.9,0.0,59364.77,2957303.51
2022-08-08,71885.17,25332.26,0.0,46552.91,3003856.42
2022-08-09,82148.37,24377.95,0.0,57770.42,3061626.85
2022-08-10,56757.08,24433.53,0.0,32323.55,3093950.39
2022-08-11,59470.29,25955.49,0.0,33514.8,3127465.19
2022-08-12,68053.59,26468.34,0.0,41585.25,3169050.44
2022-08-13,112821.16,23484.76,0.0,89336.4,3258386.84
2022-08-14,84486.26,25372.96,0.0,59113.3,3317500.13
2022-08-15,68162.29,21236.76,0.0,46925.53,3364425.66
2022-08-16,80740.39,25723.43,0.0,55016.96,3419442.63
2022-08-17,52955.93,26824.3,0.0,26131.63,3445574.25
2022-08-18,55921.45,24739.86,0.0,31181.58,3476755.84
2022-08-19,62781.15,28933.05,0.0,33848.09,3510603.93
2022-08-20,91504.12,23537.52,0.0,67966.59,3578570.52
2022-08-21,104836.01,25734.88,0.0,79101.13,3657671.66
2022-08-22,68103.28,25228.35,0.0,42874.93,3700546.58
2022-08-23,51970.3,25099.4,0.0,26870.9,3727417.48
2022-08-24,70293.28,25071.36,0.0,45221.93,3772639.41
2022-08-25,61549.69,25514.21,0.0,36035.48,3808674.89
2022-08-26,76365.58,26995.92,0.0,49369.66,3858044.55
2022-08-27,90434.12,28055.47,0.0,62378.65,3920423.2
2022-08-28,90343.85,25295.5,350000.0,-284951.65,3635471.55
2022-08-29,70499.05,26930.63,0.0,43568.42,3679039.97
2022-08-30,72273.41,23896.47,0.0,48376.95,3727416.92
2022-08-31,69754.79,26831.91,0.0,42922.88,3770339.8
2022-09-01,373820.13,14037.01,0.0,359783.12,4130122.92
2022-09-02,485001.72,16815.99,0.0,468185.73,4598308.65
2022-09-03,406384.6,18495.96,0.0,387888.64,4986197.29
2022-09-04,469863.81,14996.87,0.0,454866.93,5441064.22
2022-09-05,386913.28,11891.18,1200000.0,-824977.91,4616086.31
2022-09-06,3277.16,14357.89,0.0,-11080.73,4605005.58
2022-09-07,2650.7,17027.81,0.0,-14377.11,4590628.47
2022-09-08,2412.68,16009.62,0.0,-13596.93,4577031.54
2022-09-09,3410.91,15553.37,0.0,-12142.46,4564889.08
2022-09-10,3174.82,16693.0,0.0,-13518.18,4551370.9
2022-09-11,2747.01,15906.68,0.0,-13159.67,4538211.23
2022-09-12,3779.59,17006.59,0.0,-13227.0,4524984.23
2022-09-13,2833.67,16559.14,0.0,-13725.46,4511258.77
2022-09-14,3070.05,17462.55,0.0,-14392.5,4496866.27
2022-09-15,3188.46,15718.19,0.0,-12529.74,4484336.54
2022-09-16,2744.17,16537.89,0.0,-13793.72,4470542.81
2022-09-17,3289.57,14719.31,0.0,-11429.74,4459113.07
2022-09-18,2787.27,14277.81,0.0,-11490.53,4447622.54
2022-09-19,2848.18,17740.15,0.0,-14891.97,4432730.57
2022-09-20,3735.32,15504.31,0.0,-11768.99,4420961.58
2022-09-21,2533.71,16387.32,0.0,-13853.61,4407107.97
2022-09-22,1847.61,15365.61,0.0,-13518.0,4393589.97
2022-09-23,3859.47,14300.23,0.0,-10440.76,4383149.21
2022-09-24,4328.66,15196.47,0.0,-10867.81,4372281.4
2022-09-25,2851.37,17333.99,0.0,-14482.63,4357798.77
2022-09-26,2085.58,16012.86,0.0,-13927.28,4343871.49
2022-09-27,2898.76,12612.79,0.0,-9714.03,4334157.46
2022-09-28,2910.89,14857.13,350000.0,-361946.24,3972211.22
2022-09-29,2959.04,17853.44,0.0,-14894.4,3957316.81
2022-09-30,2497.31,14859.3,0.0,-12362.0,3944954.82
2022-10-01,487078.06,12479.28,0.0,474598.78,4419553.59
2022-10-02,484325.37,18019.57,0.0,466305.8,4885859.39
2022-10-03,383379.72,16203.59,0.0,367176.13,5253035.52
2022-10-04,493059.84,15074.98,0.0,477984.86,5731020.37
2022-10-05,560734.25,14622.87,1200000.0,-653888.62,5077131.75
2022-10-06,3139.98,16803.53,0.0,-13663.55,5063468.2
2022-10-07,2885.34,14367.02,0.0,-11481.69,5051986.51
2022-10-08,2983.0,16902.38,0.0,-13919.39,5038067.13
2022-10-09,3361.63,15993.29,0.0,-12631.66,5025435.46
2022-10-10,2188.66,15547.02,0.0,-13358.36,5012077.1
2022-10-11,3136.2,15398.27,0.0,-12262.08,4999815.03
2022-10-12,2858.77,14917.55,0.0,-12058.78,4987756.25
2022-10-13,3977.91,16748.46,0.0,-12770.55,4974985.7
2022-10-14,2966.91,13881.99,0.0,-10915.07,4964070.63
2022-10-15,3887.94,12747.11,0.0,-8859.17,4955211.46
2022-10-16,2502.13,16101.66,0.0,-13599.53,4941611.93
2022-10-17,3347.63,16126.86,0.0,-12779.23,4928832.7
2022-10-18,3213.7,15900.36,0.0,-12686.66,4916146.04
2022-10-19,2619.48,15791.59,0.0,-13172.12,4902973.92
2022-10-20,3142.7,14699.19,400000.0,-411556.49,4491417.43
2022-10-21,3660.26,16361.22,0.0,-12700.96,4478716.47
2022-10-22,2892.1,15111.66,0.0,-12219.56,4466496.91
2022-10-23,2208.02,14449.33,0.0,-12241.31,4454255.6
2022-10-24,3045.22,14712.16,0.0,-11666.94,4442588.65
2022-10-25,2602.79,18210.96,0.0,-15608.17,4426980.48
2022-10-26,2882.83,12577.54,0.0,-9694.71,4417285.77
2022-10-27,3013.21,15929.68,0.0,-12916.48,4404369.3
2022-10-28,2201.17,12661.33,350000.0,-360460.16,4043909.14
2022-10-29,2246.17,15017.65,0.0,-12771.48,4031137.66
2022-10-30,3295.03,14529.56,0.0,-11234.53,4019903.13
2022-10-31,2792.64,12052.46,0.0,-9259.82,4010643.32
2022-11-01,329862.78,15763.56,0.0,314099.23,4324742.54
2022-11-02,497342.2,14609.94,0.0,482732.26,4807474.8
2022-11-03,471718.49,12031.19,0.0,459687.3,5267162.1
2022-11-04,422406.26,16439.35,0.0,405966.91,5673129.01
2022-11-05,392258.49,17332.51,1200000.0,-825074.02,4848054.99
2022-11-06,3471.9,17415.19,0.0,-13943.28,4834111.7
2022-11-07,3228.68,15718.43,0.0,-12489.76,4821621.94
2022-11-08,4245.3,15249.09,0.0,-11003.79,4810618.16
2022-11-09,3264.09,17172.23,0.0,-13908.14,4796710.02
2022-11-10,3247.85,17703.58,0.0,-14455.72,4782254.29
2022-11-11,2970.54,16880.35,0.0,-13909.82,4768344.48
2022-11-12,3462.39,13767.69,0.0,-10305.31,4758039.17
2022-11-13,3366.54,15482.02,0.0,-12115.47,4745923.7
2022-11-14,3679.86,15839.27,0.0,-12159.41,4733764.28
2022-11-15,2793.34,12465.57,0.0,-9672.24,4724092.05
2022-11-16,2836.3,15884.04,0.0,-13047.74,4711044.3
2022-11-17,2814.45,18589.49,0.0,-15775.04,4695269.26
2022-11-18,3449.4,16139.9,0.0,-12690.5,4682578.76
2022-11-19,3803.19,17390.12,0.0,-13586.93,4668991.83
2022-11-20,2824.58,15454.37,0.0,-12629.79,4656362.04
2022-11-21,2841.61,15070.17,0.0,-12228.56,4644133.48
2022-11-22,3211.04,15751.91,0.0,-12540.87,4631592.61
2022-11-23,2931.12,13956.26,0.0,-11025.14,4620567.47
2022-11-24,3530.03,13734.34,0.0,-10204.31,4610363.16
2022-11-25,1928.11,17079.46,0.0,-15151.35,4595211.81
2022-11-26,2640.65,17238.51,0.0,-14597.87,4580613.95
2022-11-27,2662.79,13693.34,0.0,-11030.55,4569583.4
2022-11-28,1893.82,16632.0,350000.0,-364738.18,4204845.22
2022-11-29,2572.18,15049.56,0.0,-12477.38,4192367.84
2022-11-30,2596.42,15689.71,0.0,-13093.29,4179274.55
2022-12-01,448044.77,15870.33,0.0,432174.44,4611448.99
2022-12-02,513748.29,16671.53,0.0,497076.77,5108525.76
2022-12-03,445846.97,15304.08,0.0,430542.89,5539068.65
2022-12-04,406559.31,17295.24,0.0,389264.07,5928332.72
2022-12-05,455252.27,15644.12,1200000.0,-760391.85,5167940.87
2022-12-06,3578.59,16116.28,0.0,-12537.69,5155403.18
2022-12-07,2566.02,13930.11,0.0,-11364.09,5144039.1
2022-12-08,2598.71,18417.99,0.0,-15819.28,5128219.82
2022-12-09,3333.27,15884.74,0.0,-12551.46,5115668.36
2022-12-10,2943.23,16249.5,0.0,-13306.26,5102362.1
2022-12-11,3377.74,12767.72,0.0,-9389.98,5092972.12
2022-12-12,3047.18,13945.95,0.0,-10898.77,5082073.35
2022-12-13,3404.83,17036.83,0.0,-13631.99,5068441.35
2022-12-14,2536.46,15610.34,0.0,-13073.88,5055367.48
2022-12-15,3047.96,12309.33,0.0,-9261.37,5046106.1
2022-12-16,2948.65,16737.43,0.0,-13788.78,5032317.32
2022-12-17,2446.05,14364.33,0.0,-11918.27,5020399.05
2022-12-18,2272.26,17296.98,0.0,-15024.71,5005374.34
2022-12-19,3396.87,15048.25,0.0,-11651.37,4993722.97
2022-12-20,2878.52,15487.06,0.0,-12608.54,4981114.43
2022-12-21,2542.86,16948.43,0.0,-14405.57,4966708.86
2022-12-22,3005.91,13833.76,0.0,-10827.85,4955881.01
2022-12-23,3618.01,13690.73,0.0,-10072.72,4945808.29
2022-12-24,1913.63,14885.25,0.0,-12971.62,4932836.67
2022-12-25,2305.68,16420.76,0.0,-14115.08,4918721.59
2022-12-26,2592.56,13183.68,0.0,-10591.13,4908130.46
2022-12-27,3784.59,12677.95,0.0,-8893.36,4899237.1
2022-12-28,3195.29,16415.58,350000.0,-363220.29,4536016.81
2022-12-29,3437.66,14275.53,0.0,-10837.87,4525178.94
2022-12-30,2483.92,14591.66,0.0,-12107.74,4513071.2
2022-12-31,2494.23,12394.78,0.0,-9900.55,4503170.65
2023-01-01,488590.69,14341.53,0.0,474249.15,4977419.8
2023-01-02,469113.72,15348.65,0.0,453765.07,5431184.87
2023-01-03,493636.94,16755.57,0.0,476881.37,5908066.24
2023-01-04,456816.45,14203.15,0.0,442613.3,6350679.54
2023-01-05,480107.19,17846.06,1200000.0,-737738.88,5612940.66
2023-01-06,3187.06,14333.17,0.0,-11146.11,5601794.55
2023-01-07,3496.88,14335.36,0.0,-10838.48,5590956.08
2023-01-08,3511.5,17666.04,0.0,-14154.53,5576801.54
2023-01-09,2298.06,15677.19,0.0,-13379.13,5563422.42
2023-01-10,1984.37,14531.96,0.0,-12547.6,5550874.82
2023-01-11,3608.87,15127.3,0.0,-11518.43,5539356.39
2023-01-12,3701.86,17389.61,0.0,-13687.75,5525668.64
2023-01-13,2597.69,17559.3,0.0,-14961.62,5510707.03
2023-01-14,2178.08,14134.81,0.0,-11956.73,5498750.3
2023-01-15,3157.52,15296.35,0.0,-12138.83,5486611.47
2023-01-16,3573.42,15495.24,0.0,-11921.82,5474689.65
2023-01-17,4006.8,13880.64,0.0,-9873.84,5464815.81
2023-01-18,3366.15,15276.47,0.0,-11910.32,5452905.49
2023-01-19,2922.14,15367.98,0.0,-12445.84,5440459.64
2023-01-20,2661.43,17070.31,400000.0,-414408.88,5026050.76
2023-01-21,3113.73,17171.14,0.0,-14057.41,5011993.35
2023-01-22,2958.37,14866.19,0.0,-11907.82,5000085.53
2023-01-23,2600.47,15039.07,0.0,-12438.6,4987646.93
2023-01-24,4132.38,16356.44,0.0,-12224.06,4975422.87
2023-01-25,4000.58,14482.22,0.0,-10481.63,4964941.24
2023-01-26,3676.02,16242.96,0.0,-12566.94,4952374.3
2023-01-27,2647.57,15228.14,0.0,-12580.57,4939793.74
2023-01-28,3535.51,13905.9,350000.0,-360370.39,4579423.34
2023-01-29,3427.81,13924.74,0.0,-10496.93,4568926.41
2023-01-30,3329.27,17530.59,0.0,-14201.32,4554725.1
2023-01-31,3732.83,15125.37,0.0,-11392.54,4543332.56
2023-02-01,497968.56,17820.53,0.0,480148.03,5023480.59
2023-02-02,503200.71,14589.55,0.0,488611.17,5512091.75
2023-02-03,498045.31,15796.81,0.0,482248.51,5994340.26
2023-02-04,483239.57,18949.02,0.0,464290.56,6458630.81
2023-02-05,377019.44,13773.92,1200000.0,-836754.48,5621876.34
2023-02-06,3149.81,12513.28,0.0,-9363.47,5612512.87
2023-02-07,2829.9,17289.89,0.0,-14459.98,5598052.89
2023-02-08,2468.08,14119.79,0.0,-11651.71,5586401.18
2023-02-09,3948.91,15328.94,0.0,-11380.03,5575021.15
2023-02-10,3972.5,14481.12,0.0,-10508.63,5564512.53
2023-02-11,3787.61,15762.24,0.0,-11974.63,5552537.89
2023-02-12,3235.61,13934.2,0.0,-10698.59,5541839.3
2023-02-13,3783.31,15090.09,0.0,-11306.78,5530532.53
2023-02-14,3114.03,16034.72,0.0,-12920.7,5517611.83
2023-02-15,3209.4,13847.54,0.0,-10638.14,5506973.69
2023-02-16,2561.26,14309.87,0.0,-11748.61,5495225.08
2023-02-17,3306.5,14838.93,0.0,-11532.43,5483692.65
2023-02-18,3138.19,13216.78,0.0,-10078.58,5473614.07
2023-02-19,2456.67,14726.16,0.0,-12269.48,5461344.58
2023-02-20,3082.4,15538.19,0.0,-12455.79,5448888.79
2023-02-21,3068.14,14760.68,0.0,-11692.54,5437196.25
2023-02-22,4006.78,14952.94,0.0,-10946.15,5426250.09
2023-02-23,3555.11,15330.15,0.0,-11775.04,5414475.05
2023-02-24,3113.72,14376.38,0.0,-11262.66,5403212.39
2023-02-25,3232.39,16396.59,0.0,-13164.2,5390048.19
2023-02-26,3130.11,17513.97,0.0,-14383.86,5375664.33
2023-02-27,3006.54,14663.43,0.0,-11656.89,5364007.44
2023-02-28,2566.79,16087.8,350000.0,-363521.01,5000486.43
2023-03-01,458647.41,15000.57,0.0,443646.83,5444133.26
2023-03-02,428895.09,15908.23,0.0,412986.86,5857120.12
2023-03-03,403684.22,17708.67,0.0,385975.55,6243095.67
2023-03-04,491761.09,16122.99,0.0,475638.1,6718733.77
2023-03-05,485763.23,12699.88,1200000.0,-726936.65,5991797.13
2023-03-06,2214.65,16040.99,0.0,-13826.35,5977970.78
2023-03-07,3046.66,17209.3,0.0,-14162.64,5963808.14
2023-03-08,3605.85,15027.61,0.0,-11421.76,5952386.39
2023-03-09,3637.61,16853.45,0.0,-13215.84,5939170.55
2023-03-10,3620.92,14324.83,0.0,-10703.91,5928466.64
2023-03-11,3127.46,13131.69,0.0,-10004.23,5918462.41
2023-03-12,2685.48,15571.75,0.0,-12886.28,5905576.13
2023-03-13,2566.15,12725.28,0.0,-10159.13,5895417.0
2023-03-14,3280.3,15000.34,0.0,-11720.04,5883696.95
2023-03-15,3297.64,17290.26,0.0,-13992.62,5869704.33
2023-03-16,3751.67,12495.36,0.0,-8743.69,5860960.64
2023-03-17,3657.99,13440.75,0.0,-9782.76,5851177.88
2023-03-18,3041.89,13811.95,0.0,-10770.07,5840407.81
2023-03-19,2485.9,15265.02,0.0,-12779.12,5827628.69
2023-03-20,2948.45,14811.42,0.0,-11862.98,5815765.71
2023-03-21,3216.62,17458.7,0.0,-14242.09,5801523.62
2023-03-22,3006.96,16791.52,0.0,-13784.56,5787739.06
2023-03-23,2819.05,16102.91,0.0,-13283.86,5774455.2
2023-03-24,3234.44,15578.45,0.0,-12344.0,5762111.2
2023-03-25,2856.02,15949.84,0.0,-13093.82,5749017.37
2023-03-26,2793.97,14067.03,0.0,-11273.06,5737744.31
2023-03-27,3263.73,16645.82,0.0,-13382.09,5724362.22
2023-03-28,2907.0,13691.93,350000.0,-360784.93,5363577.29
2023-03-29,3230.05,16613.07,0.0,-13383.01,5350194.28
2023-03-30,3244.6,17139.21,0.0,-13894.61,5336299.67
2023-03-31,2538.29,15676.3,0.0,-13138.01,5323161.66
2023-04-01,442137.94,15095.68,0.0,427042.26,5750203.92
2023-04-02,538088.85,15960.46,0.0,522128.38,6272332.3
2023-04-03,408096.02,11067.72,0.0,397028.3,6669360.61
2023-04-04,360367.28,15813.39,0.0,344553.89,7013914.5
2023-04-05,373107.74,15189.97,1200000.0,-842082.23,6171832.27
2023-04-06,3122.55,15284.06,0.0,-12161.5,6159670.77
2023-04-07,3123.46,16419.8,0.0,-13296.34,6146374.43
2023-04-08,3049.19,15247.85,0.0,-12198.65,6134175.77
2023-04-09,3715.09,13649.69,0.0,-9934.59,6124241.18
2023-04-10,1771.58,15147.9,0.0,-13376.31,6110864.87
2023-04-11,3305.97,15461.33,0.0,-12155.37,6098709.5
2023-04-12,3888.72,15532.4,0.0,-11643.68,6087065.82
2023-04-13,2544.11,15602.88,0.0,-13058.77,6074007.05
2023-04-14,2918.1,16919.05,0.0,-14000.96,6060006.09
2023-04-15,2731.55,13730.95,0.0,-10999.39,6049006.7
2023-04-16,2660.83,15623.55,0.0,-12962.72,6036043.97
2023-04-17,2944.87,17294.89,0.0,-14350.03,6021693.95
2023-04-18,3821.74,12758.08,0.0,-8936.34,6012757.61
2023-04-19,4026.69,15629.47,0.0,-11602.78,6001154.83
2023-04-20,2940.03,14481.93,400000.0,-411541.9,5589612.93
2023-04-21,4060.53,14803.93,0.0,-10743.4,5578869.53
2023-04-22,3125.79,14002.79,0.0,-10877.0,5567992.52
2023-04-23,3984.85,15105.67,0.0,-11120.83,5556871.7
2023-04-24,3061.35,18121.88,0.0,-15060.53,5541811.16
2023-04-25,3173.53,13463.35,0.0,-10289.83,5531521.34
2023-04-26,3290.74,13605.58,0.0,-10314.85,5521206.49
2023-04-27,4697.43,13407.1,0.0,-8709.67,5512496.82
2023-04-28,3533.64,17951.13,350000.0,-364417.48,5148079.33
2023-04-29,2754.37,14666.49,0.0,-11912.12,5136167.21
2023-04-30,3592.5,15321.54,0.0,-11729.04,5124438.17
2023-05-01,448108.37,14755.83,0.0,433352.55,5557790.72
2023-05-02,441712.49,13943.37,0.0,427769.13,5985559.84
2023-05-03,511630.07,15007.27,0.0,496622.79,6482182.64
2023-05-04,467754.28,19047.37,0.0,448706.91,6930889.55
2023-05-05,480128.8,17448.11,1200000.0,-737319.31,6193570.24
2023-05-06,3114.99,14080.59,0.0,-10965.6,6182604.64
2023-05-07,3276.29,16331.36,0.0,-13055.07,6169549.57
2023-05-08,3320.48,14112.72,0.0,-10792.23,6158757.34
2023-05-09,2139.52,12695.45,0.0,-10555.93,6148201.4
2023-05-10,3441.29,16889.27,0.0,-13447.98,6134753.42
2023-05-11,2616.99,17100.14,0.0,-14483.15,6120270.27
2023-05-12,2386.85,16929.08,0.0,-14542.23,6105728.05
2023-05-13,3078.79,14655.2,0.0,-11576.41,6094151.64
2023-05-14,3149.99,15109.84,0.0,-11959.85,6082191.79
2023-05-15,2761.25,16484.65,0.0,-13723.4,6068468.39
2023-05-16,3523.52,15947.24,0.0,-12423.73,6056044.66
2023-05-17,2436.91,14769.54,0.0,-12332.63,6043712.03
2023-05-18,2904.53,12931.39,0.0,-10026.86,6033685.17
2023-05-19,2815.56,15530.81,0.0,-12715.25,6020969.92
2023-05-20,3084.71,16978.51,0.0,-13893.81,6007076.11
2023-05-21,3247.43,13563.62,0.0,-10316.19,5996759.92
2023-05-22,2604.05,16318.14,0.0,-13714.09,5983045.84
2023-05-23,3470.14,15857.31,0.0,-12387.17,5970658.67
2023-05-24,3139.5,16485.22,0.0,-13345.72,5957312.95
2023-05-25,2162.03,16667.96,0.0,-14505.94,5942807.01
2023-05-26,2128.7,14318.3,0.0,-12189.6,5930617.41
2023-05-27,3101.84,12934.56,0.0,-9832.72,5920784.69
2023-05-28,2997.52,14559.72,350000.0,-361562.2,5559222.49
2023-05-29,3056.29,16693.69,0.0,-13637.4,5545585.09
2023-05-30,3094.01,14546.99,0.0,-11452.99,5534132.1
2023-05-31,3220.78,14318.94,0.0,-11098.16,5523033.95
2023-06-01,513582.48,12627.97,0.0,500954.51,6023988.45
2023-06-02,410644.75,17988.97,0.0,392655.78,6416644.24
2023-06-03,407601.42,16598.57,0.0,391002.85,6807647.09
2023-06-04,411533.81,16514.84,0.0,395018.96,7202666.05
2023-06-05,480645.83,16811.59,1200000.0,-736165.75,6466500.29
2023-06-06,3730.47,16225.06,0.0,-12494.59,6454005.71
2023-06-07,2892.33,14993.51,0.0,-12101.18,6441904.53
2023-06-08,1857.15,15114.35,0.0,-13257.2,6428647.33
2023-06-09,2256.0,14718.65,0.0,-12462.65,6416184.68
2023-06-10,2691.48,19312.11,0.0,-16620.63,6399564.05
2023-06-11,2829.14,16193.87,0.0,-13364.73,6386199.31
2023-06-12,2903.81,14664.3,0.0,-11760.49,6374438.82
2023-06-13,3127.29,16058.25,0.0,-12930.95,6361507.87
2023-06-14,2952.13,13843.7,0.0,-10891.57,6350616.3
2023-06-15,3632.67,17616.76,0.0,-13984.09,6336632.2
2023-06-16,2769.99,14368.4,0.0,-11598.41,6325033.8
2023-06-17,2676.84,16111.63,0.0,-13434.79,6311599.01
2023-06-18,3347.44,16958.97,0.0,-13611.53,6297987.48
2023-06-19,2340.18,15937.15,0.0,-13596.97,6284390.51
2023-06-20,3302.85,15501.7,0.0,-12198.86,6272191.65
2023-06-21,3159.28,15376.2,0.0,-12216.93,6259974.72
2023-06-22,3034.28,15275.34,0.0,-12241.06,6247733.67
2023-06-23,3902.14,14494.95,0.0,-10592.81,6237140.85
2023-06-24,2796.9,14685.77,0.0,-11888.88,6225251.97
2023-06-25,4138.15,17579.39,0.0,-13441.24,6211810.74
2023-06-26,2995.28,15197.2,0.0,-12201.91,6199608.83
2023-06-27,2469.49,14181.31,0.0,-11711.81,6187897.01
2023-06-28,3142.96,14585.55,350000.0,-361442.59,5826454.42
2023-06-29,2569.88,17010.56,0.0,-14440.68,5812013.74
2023-06-30,2732.12,16373.41,1000000.0,-1013641.29,4798372.45
2023-07-01,102390.33,26720.66,0.0,75669.67,4874042.13
2023-07-02,103975.82,25084.96,0.0,78890.86,4952932.99
2023-07-03,62362.66,26746.72,0.0,35615.93,4988548.92
2023-07-04,75239.24,24312.88,0.0,50926.36,5039475.29
2023-07-05,76600.06,25080.77,1200000.0,-1148480.71,3890994.58
2023-07-06,78830.41,27539.61,0.0,51290.81,3942285.38
2023-07-07,71575.31,27348.56,0.0,44226.75,3986512.13
2023-07-08,112054.29,23636.18,0.0,88418.11,4074930.24
2023-07-09,79612.02,23888.95,0.0,55723.07,4130653.31
2023-07-10,64796.75,25817.4,0.0,38979.34,4169632.65
2023-07-11,60403.96,29052.26,0.0,31351.69,4200984.34
2023-07-12,68293.81,21768.87,0.0,46524.94,4247509.28
2023-07-13,62768.41,26156.67,0.0,36611.74,4284121.02
2023-07-14,66010.74,22847.91,0.0,43162.82,4327283.85
2023-07-15,117241.75,24331.34,0.0,92910.41,4420194.26
2023-07-16,96722.8,24871.14,0.0,71851.66,4492045.92
2023-07-17,70650.34,24758.98,0.0,45891.36,4537937.27
2023-07-18,65481.85,24532.41,0.0,40949.44,4578886.71
2023-07-19,67945.71,25614.41,0.0,42331.29,4621218.0
2023-07-20,67388.13,24529.49,400000.0,-357141.36,4264076.65
2023-07-21,70926.59,22675.09,0.0,48251.51,4312328.15
2023-07-22,110073.08,27159.74,0.0,82913.34,4395241.49
2023-07-23,114893.94,27105.74,0.0,87788.2,4483029.68
2023-07-24,69816.96,27286.35,0.0,42530.61,4525560.3
2023-07-25,72056.38,22518.53,0.0,49537.84,4575098.14
2023-07-26,58133.08,26197.84,0.0,31935.25,4607033.39
2023-07-27,66636.99,26951.96,0.0,39685.03,4646718.42
2023-07-28,74862.32,23537.6,350000.0,-298675.28,4348043.14
2023-07-29,107079.69,25618.35,0.0,81461.34,4429504.48
2023-07-30,100536.1,25367.47,0.0,75168.63,4504673.11
2023-07-31,74431.15,29284.3,0.0,45146.85,4549819.96
2023-08-01,71266.13,29448.99,0.0,41817.14,4591637.1
2023-08-02,76942.45,22271.29,0.0,54671.16,4646308.26
2023-08-03,69654.87,30587.85,0.0,39067.02,4685375.28
2023-08-04,64494.41,23769.55,0.0,40724.86,4726100.15
2023-08-05,101778.41,27561.35,1200000.0,-1125782.93,3600317.21
2023-08-06,69114.06,27541.0,0.0,41573.06,3641890.27
2023-08-07,70403.09,23608.62,0.0,46794.47,3688684.74
2023-08-08,38152.7,26586.54,0.0,11566.16,3700250.9
2023-08-09,53552.29,25384.93,0.0,28167.36,3728418.26
2023-08-10,70954.15,26708.66,0.0,44245.49,3772663.75
2023-08-11,71160.23,26061.34,0.0,45098.89,3817762.64
2023-08-12,86795.71,27992.68,0.0,58803.03,3876565.67
2023-08-13,91298.98,25750.8,0.0,65548.18,3942113.85
2023-08-14,78304.33,25264.25,0.0,53040.08,3995153.93
2023-08-15,63467.76,27792.13,0.0,35675.63,4030829.56
2023-08-16,85283.36,26760.79,0.0,58522.57,4089352.13
2023-08-17,67324.64,27063.63,0.0,40261.01,4129613.14
2023-08-18,70604.29,24270.83,0.0,46333.46,4175946.61
2023-08-19,114588.74,23509.47,0.0,91079.27,4267025.88
2023-08-20,99730.27,24464.56,0.0,75265.72,4342291.59
2023-08-21,59321.25,24358.36,0.0,34962.89,4377254.48
2023-08-22,66462.18,27172.4,0.0,39289.78,4416544.26
2023-08-23,67055.11,27551.97,0.0,39503.15,4456047.41
2023-08-24,56422.07,25289.74,0.0,31132.33,4487179.74
2023-08-25,65293.34,28461.84,0.0,36831.51,4524011.24
2023-08-26,90998.08,28336.94,0.0,62661.14,4586672.38
2023-08-27,107663.58,26086.8,0.0,81576.78,4668249.16
2023-08-28,67616.89,23956.22,350000.0,-306339.32,4361909.84
2023-08-29,65077.63,28750.75,0.0,36326.88,4398236.72
2023-08-30,66490.54,25477.97,0.0,41012.58,4439249.3
2023-08-31,69124.98,25852.33,0.0,43272.65,4482521.95
2023-09-01,497040.71,14850.59,0.0,482190.12,4964712.07
2023-09-02,416214.39,14025.31,0.0,402189.07,5366901.14
2023-09-03,414120.62,13157.04,0.0,400963.58,5767864.72
2023-09-04,521433.96,16309.3,0.0,505124.66,6272989.38
2023-09-05,445583.16,14184.9,1200000.0,-768601.74,5504387.63
2023-09-06,2399.58,19949.3,0.0,-17549.72,5486837.92
2023-09-07,3329.91,13730.89,0.0,-10400.98,5476436.93
2023-09-08,3339.68,13473.93,0.0,-10134.24,5466302.69
2023-09-09,2342.64,16125.21,0.0,-13782.57,5452520.13
2023-09-10,3222.74,17653.97,0.0,-14431.23,5438088.9
2023-09-11,3475.79,15456.88,0.0,-11981.09,5426107.8
2023-09-12,3295.19,16218.36,0.0,-12923.17,5413184.63
2023-09-13,3423.99,12594.68,0.0,-9170.69,5404013.94
2023-09-14,2405.87,14343.73,0.0,-11937.87,5392076.08
2023-09-15,3273.52,13749.58,0.0,-10476.06,5381600.02
2023-09-16,2956.69,12517.43,0.0,-9560.74,5372039.28
2023-09-17,2866.6,15535.47,0.0,-12668.87,5359370.41
2023-09-18,3543.28,11995.76,0.0,-8452.48,5350917.93
2023-09-19,3847.64,13376.71,0.0,-9529.07,5341388.86
2023-09-20,4005.19,14554.21,0.0,-10549.02,5330839.84
2023-09-21,3765.4,14113.07,0.0,-10347.67,5320492.17
2023-09-22,3053.13,15954.61,0.0,-12901.48,5307590.69
2023-09-23,3284.36,15818.37,0.0,-12534.01,5295056.68
2023-09-24,3491.41,16700.7,0.0,-13209.29,5281847.4
2023-09-25,3168.59,16488.58,0.0,-13319.99,5268527.41
2023-09-26,3173.38,17071.22,0.0,-13897.84,5254629.57
2023-09-27,3519.88,15357.12,0.0,-11837.25,5242792.33
2023-09-28,3078.36,15815.2,350000.0,-362736.84,4880055.48
2023-09-29,2743.36,16127.27,0.0,-13383.91,4866671.57
2023-09-30,2900.76,15572.49,0.0,-12671.72,4853999.85
2023-10-01,497895.52,14764.21,0.0,483131.31,5337131.16
2023-10-02,466349.66,14861.34,0.0,451488.33,5788619.49
2023-10-03,483210.5,14133.66,0.0,469076.84,6257696.32
2023-10-04,499703.96,15992.43,0.0,483711.54,6741407.86
2023-10-05,447457.93,15218.98,1200000.0,-767761.05,5973646.81
2023-10-06,3486.12,14365.24,0.0,-10879.12,5962767.7
2023-10-07,3297.42,14366.63,0.0,-11069.21,5951698.48
2023-10-08,2490.59,13544.4,0.0,-11053.81,5940644.68
2023-10-09,3829.15,16828.26,0.0,-12999.11,5927645.57
2023-10-10,2857.63,15477.93,0.0,-12620.3,5915025.27
2023-10-11,2280.45,14065.8,0.0,-11785.35,5903239.92
2023-10-12,2585.48,16572.82,0.0,-13987.34,5889252.58
2023-10-13,2597.48,14519.33,0.0,-11921.85,5877330.73
2023-10-14,3134.09,13250.25,0.0,-10116.16,5867214.56
2023-10-15,2971.07,16891.83,0.0,-13920.76,5853293.81
2023-10-16,2939.58,14554.35,0.0,-11614.77,5841679.04
2023-10-17,3417.85,14746.65,0.0,-11328.8,5830350.23
2023-10-18,3277.94,15421.77,0.0,-12143.83,5818206.4
2023-10-19,3266.02,17073.88,0.0,-13807.86,5804398.54
2023-10-20,3312.91,15390.06,400000.0,-412077.14,5392321.4
2023-10-21,3416.07,13561.32,0.0,-10145.26,5382176.14
2023-10-22,2054.02,16175.82,0.0,-14121.79,5368054.35
2023-10-23,2925.78,14632.52,0.0,-11706.73,5356347.62
2023-10-24,2017.89,18191.89,0.0,-16173.99,5340173.63
2023-10-25,3126.03,15358.32,0.0,-12232.29,5327941.34
2023-10-26,3105.68,12007.45,0.0,-8901.76,5319039.57
2023-10-27,3630.77,15896.05,0.0,-12265.28,5306774.29
2023-10-28,3701.82,18276.9,350000.0,-364575.08,4942199.21
2023-10-29,3209.39,17723.88,0.0,-14514.49,4927684.72
2023-10-30,2857.82,18106.43,0.0,-15248.61,4912436.11
2023-10-31,3350.58,13830.36,0.0,-10479.78,4901956.33
2023-11-01,439804.12,16728.23,0.0,423075.89,5325032.22
2023-11-02,466130.37,14277.01,0.0,451853.36,5776885.58
2023-11-03,515506.82,15696.43,0.0,499810.38,6276695.96
2023-11-04,438311.43,13450.57,0.0,424860.86,6701556.82
2023-11-05,506483.93,14393.32,1200000.0,-707909.38,5993647.44
2023-11-06,3446.7,14345.63,0.0,-10898.93,5982748.51
2023-11-07,2630.6,16707.83,0.0,-14077.23,5968671.28
2023-11-08,3594.95,16561.08,0.0,-12966.13,5955705.15
2023-11-09,3457.28,15775.23,0.0,-12317.95,5943387.2
2023-11-10,3158.96,13334.37,0.0,-10175.4,5933211.79
2023-11-11,2726.84,14892.54,0.0,-12165.7,5921046.09
2023-11-12,2678.4,14240.83,0.0,-11562.43,5909483.66
2023-11-13,2839.17,16664.51,0.0,-13825.34,5895658.32
2023-11-14,3379.3,17127.28,0.0,-13747.98,5881910.34
2023-11-15,2630.19,16944.58,0.0,-14314.39,5867595.95
2023-11-16,3326.76,14227.17,0.0,-10900.41,5856695.53
2023-11-17,2487.12,11250.7,0.0,-8763.58,5847931.95
2023-11-18,3005.97,12709.56,0.0,-9703.59,5838228.36
2023-11-19,3162.82,17492.44,0.0,-14329.62,5823898.75
2023-11-20,4330.57,14758.12,0.0,-10427.55,5813471.19
2023-11-21,2419.34,14233.91,0.0,-11814.57,5801656.62
2023-11-22,3844.01,17823.99,0.0,-13979.98,5787676.64
2023-11-23,3182.92,17257.74,0.0,-14074.82,5773601.82
2023-11-24,3313.59,15396.67,0.0,-12083.09,5761518.73
2023-11-25,3167.17,14919.9,0.0,-11752.72,5749766.01
2023-11-26,3330.36,15161.85,0.0,-11831.48,5737934.53
2023-11-27,3031.16,15700.74,0.0,-12669.59,5725264.94
2023-11-28,3835.03,17760.07,350000.0,-363925.05,5361339.9
2023-11-29,2879.76,15993.7,0.0,-13113.94,5348225.96
2023-11-30,3674.12,16449.04,0.0,-12774.93,5335451.03
2023-12-01,433981.64,17113.91,0.0,416867.74,5752318.77
2023-12-02,463187.41,13605.49,0.0,449581.92,6201900.69
2023-12-03,412601.87,16492.29,0.0,396109.58,6598010.27
2023-12-04,488951.19,14918.15,0.0,474033.04,7072043.31
2023-12-05,538456.3,11585.86,1200000.0,-673129.56,6398913.75
2023-12-06,3069.32,12167.75,0.0,-9098.42,6389815.33
2023-12-07,3009.56,13832.82,0.0,-10823.27,6378992.06
2023-12-08,2550.69,16156.83,0.0,-13606.14,6365385.92
2023-12-09,2993.35,15530.7,0.0,-12537.35,6352848.57
2023-12-10,2311.6,15636.55,0.0,-13324.95,6339523.63
2023-12-11,2651.56,18286.42,0.0,-15634.85,6323888.77
2023-12-12,3221.39,13456.37,0.0,-10234.97,6313653.8
2023-12-13,3767.51,15318.85,0.0,-11551.34,6302102.46
2023-12-14,4512.61,15816.65,0.0,-11304.05,6290798.41
2023-12-15,2814.71,14255.59,0.0,-11440.88,6279357.52
2023-12-16,3825.65,15402.49,0.0,-11576.84,6267780.68
2023-12-17,3229.88,12960.08,0.0,-9730.2,6258050.49
2023-12-18,3032.38,17474.86,0.0,-14442.48,6243608.0
2023-12-19,3324.3,14337.58,0.0,-11013.28,6232594.72
2023-12-20,3138.96,18407.1,0.0,-15268.14,6217326.58
2023-12-21,3163.2,15311.29,0.0,-12148.09,6205178.49
2023-12-22,2903.83,16902.08,0.0,-13998.25,6191180.24
2023-12-23,2408.95,15280.05,0.0,-12871.1,6178309.14
2023-12-24,2336.19,15313.88,0.0,-12977.7,6165331.44
2023-12-25,3434.62,14483.96,0.0,-11049.33,6154282.11
2023-12-26,2969.65,15538.69,0.0,-12569.04,6141713.07
2023-12-27,2809.96,15837.0,0.0,-13027.04,6128686.03
2023-12-28,3112.25,14183.61,350000.0,-361071.36,5767614.67
2023-12-29,3505.47,15172.43,0.0,-11666.97,5755947.71
2023-12-30,3198.18,14444.85,0.0,-11246.67,5744701.04
2023-12-31,2779.97,18809.5,0.0,-16029.52,5728671.51
2024-01-01,535614.65,15405.4,0.0,520209.24,6248880.76
2024-01-02,553259.28,17857.85,0.0,535401.43,6784282.18
2024-01-03,499027.83,15246.57,0.0,483781.27,7268063.45
2024-01-04,522983.18,15928.93,0.0,507054.24,7775117.69
2024-01-05,536398.0,13557.95,1200000.0,-677159.95,7097957.74
2024-01-06,3727.05,14869.39,0.0,-11142.34,7086815.4
2024-01-07,3469.05,15855.8,0.0,-12386.75,7074428.65
2024-01-08,3461.17,17919.01,0.0,-14457.83,7059970.81
2024-01-09,3421.83,15872.97,0.0,-12451.14,7047519.67
2024-01-10,2613.33,17615.58,0.0,-15002.25,7032517.42
2024-01-11,3512.36,16501.09,0.0,-12988.73,7019528.69
2024-01-12,2484.09,17981.1,0.0,-15497.01,7004031.68
2024-01-13,2764.7,15451.44,0.0,-12686.74,6991344.94
2024-01-14,3813.78,19125.33,0.0,-15311.55,6976033.39
2024-01-15,3582.11,14811.91,0.0,-11229.8,6964803.6
2024-01-16,3905.7,14390.31,0.0,-10484.61,6954318.99
2024-01-17,3026.16,13724.92,0.0,-10698.76,6943620.23
2024-01-18,2585.88,19036.54,0.0,-16450.66,6927169.57
2024-01-19,3041.78,16769.17,0.0,-13727.39,6913442.18
2024-01-20,3213.02,15038.82,400000.0,-411825.8,6501616.37
2024-01-21,3201.49,17413.53,0.0,-14212.04,6487404.33
2024-01-22,3728.84,16571.54,0.0,-12842.7,6474561.64
2024-01-23,2981.36,18489.19,0.0,-15507.83,6459053.81
2024-01-24,3338.02,13218.25,0.0,-9880.23,6449173.58
2024-01-25,2667.69,15141.96,0.0,-12474.27,6436699.3
2024-01-26,3387.16,14846.22,0.0,-11459.06,6425240.24
2024-01-27,3163.55,12579.48,0.0,-9415.92,6415824.32
2024-01-28,2787.09,17130.49,350000.0,-364343.4,6051480.93
2024-01-29,3044.09,15134.41,0.0,-12090.32,6039390.61
2024-01-30,3069.91,16649.45,0.0,-13579.53,6025811.07
2024-01-31,3026.92,19079.66,0.0,-16052.74,6009758.34
2024-02-01,562867.06,15010.13,0.0,547856.93,6557615.26
2024-02-02,469377.7,14908.27,0.0,454469.43,7012084.69
2024-02-03,462105.19,15718.0,0.0,446387.2,7458471.89
2024-02-04,369427.45,17020.87,0.0,352406.58,7810878.47
2024-02-05,429589.63,14689.93,1200000.0,-785100.3,7025778.17
2024-02-06,3030.46,14593.56,0.0,-11563.09,7014215.08
2024-02-07,2819.07,17125.78,0.0,-14306.71,6999908.37
2024-02-08,3852.85,16107.96,0.0,-12255.11,6987653.26
2024-02-09,3079.53,12472.91,0.0,-9393.38,6978259.89
2024-02-10,3806.22,13701.91,0.0,-9895.69,6968364.2
2024-02-11,3192.85,17791.85,0.0,-14599.0,6953765.2
2024-02-12,3180.61,16142.89,0.0,-12962.28,6940802.92
2024-02-13,3117.6,14396.71,0.0,-11279.1,6929523.81
2024-02-14,3163.9,15284.39,0.0,-12120.49,6917403.33
2024-02-15,4021.4,15559.86,0.0,-11538.46,6905864.87
2024-02-16,2002.19,16643.6,0.0,-14641.41,6891223.46
2024-02-17,2161.23,13502.6,0.0,-11341.38,6879882.08
2024-02-18,2890.41,14278.58,0.0,-11388.16,6868493.92
2024-02-19,3169.26,15949.43,0.0,-12780.17,6855713.75
2024-02-20,3507.05,15390.25,0.0,-11883.2,6843830.56
2024-02-21,3398.54,16397.79,0.0,-12999.25,6830831.31
2024-02-22,2969.88,13695.74,0.0,-10725.86,6820105.45
2024-02-23,3671.52,16075.69,0.0,-12404.17,6807701.28
2024-02-24,3677.1,17177.38,0.0,-13500.28,6794201.0
2024-02-25,3254.03,16270.23,0.0,-13016.2,6781184.8
2024-02-26,3643.33,15748.67,0.0,-12105.34,6769079.46
2024-02-27,3298.32,15396.17,0.0,-12097.85,6756981.61
2024-02-28,2881.26,14287.72,350000.0,-361406.46,6395575.15
2024-02-29,3510.91,15432.0,0.0,-11921.09,6383654.05
2024-03-01,479830.66,17429.56,0.0,462401.1,6846055.15
2024-03-02,474366.99,15361.46,0.0,459005.54,7305060.69
2024-03-03,547947.68,14205.29,0.0,533742.38,7838803.07
2024-03-04,351756.39,14801.63,0.0,336954.76,8175757.83
2024-03-05,403415.79,15841.28,1200000.0,-812425.48,7363332.35
2024-03-06,2568.46,14979.73,0.0,-12411.26,7350921.09
2024-03-07,2980.37,16267.95,0.0,-13287.59,7337633.5
2024-03-08,3034.7,16324.27,0.0,-13289.57,7324343.93
2024-03-09,2408.34,16873.47,0.0,-14465.14,7309878.79
2024-03-10,2669.42,17675.34,0.0,-15005.92,7294872.88
2024-03-11,2731.58,17033.79,0.0,-14302.21,7280570.67
2024-03-12,4390.71,14138.64,0.0,-9747.93,7270822.74
2024-03-13,4062.87,14184.7,0.0,-10121.83,7260700.91
2024-03-14,2956.13,15426.34,0.0,-12470.22,7248230.69
2024-03-15,2980.21,14863.24,0.0,-11883.03,7236347.66
2024-03-16,2587.4,13832.51,0.0,-11245.11,7225102.55
2024-03-17,2207.93,14877.46,0.0,-12669.53,7212433.02
2024-03-18,3103.56,14828.23,0.0,-11724.67,7200708.35
2024-03-19,2663.07,14532.23,0.0,-11869.15,7188839.2
2024-03-20,3119.57,15066.32,0.0,-11946.74,7176892.46
2024-03-21,2361.9,17307.68,0.0,-14945.78,7161946.68
2024-03-22,2781.01,15838.86,0.0,-13057.84,7148888.83
2024-03-23,3236.31,19247.71,0.0,-16011.4,7132877.43
2024-03-24,3345.1,15795.76,0.0,-12450.66,7120426.78
2024-03-25,3370.74,15104.9,0.0,-11734.17,7108692.61
2024-03-26,2501.76,15546.2,0.0,-13044.44,7095648.17
2024-03-27,3589.34,15924.74,0.0,-12335.4,7083312.77
2024-03-28,2761.89,16192.88,350000.0,-363430.99,6719881.79
2024-03-29,3478.43,18655.07,0.0,-15176.64,6704705.15
2024-03-30,3156.68,14272.02,0.0,-11115.34,6693589.81
2024-03-31,2473.81,16828.57,0.0,-14354.76,6679235.05
2024-04-01,458490.11,15851.63,0.0,442638.49,7121873.54
2024-04-02,492568.19,13183.35,0.0,479384.83,7601258.37
2024-04-03,504948.27,16696.05,0.0,488252.22,8089510.59
2024-04-04,467250.61,17441.44,0.0,449809.17,8539319.76
2024-04-05,550888.94,14254.24,1200000.0,-663365.29,7875954.47
2024-04-06,3665.76,15526.6,0.0,-11860.84,7864093.63
2024-04-07,3033.67,12951.97,0.0,-9918.3,7854175.33
2024-04-08,3537.06,13651.79,0.0,-10114.73,7844060.6
2024-04-09,4128.9,17112.04,0.0,-12983.15,7831077.45
2024-04-10,4142.24,14840.38,0.0,-10698.13,7820379.32
2024-04-11,2548.0,13876.8,0.0,-11328.8,7809050.52
2024-04-12,2698.73,15884.19,0.0,-13185.46,7795865.07
2024-04-13,3904.46,14756.38,0.0,-10851.92,7785013.14
2024-04-14,2632.86,14833.77,0.0,-12200.91,7772812.24
2024-04-15,2500.73,16648.99,0.0,-14148.26,7758663.98
2024-04-16,2918.9,13797.4,0.0,-10878.5,7747785.48
2024-04-17,3372.11,14181.95,0.0,-10809.84,7736975.64
2024-04-18,3110.8,15771.12,0.0,-12660.32,7724315.32
2024-04-19,2836.72,16994.11,0.0,-14157.4,7710157.93
2024-04-20,2824.89,17397.24,400000.0,-414572.35,7295585.58
2024-04-21,2805.83,14542.41,0.0,-11736.58,7283849.0
2024-04-22,2722.25,16946.07,0.0,-14223.82,7269625.18
2024-04-23,4302.82,14363.79,0.0,-10060.97,7259564.21
2024-04-24,3310.76,18279.31,0.0,-14968.56,7244595.66
2024-04-25,3605.38,13839.34,0.0,-10233.96,7234361.69
2024-04-26,2917.46,17532.72,0.0,-14615.26,7219746.43
2024-04-27,3069.02,14555.27,0.0,-11486.25,7208260.18
2024-04-28,2805.22,18559.87,350000.0,-365754.65,6842505.54
2024-04-29,1836.15,16426.98,0.0,-14590.84,6827914.7
2024-04-30,2473.0,14015.98,0.0,-11542.98,6816371.72
2024-05-01,383769.07,14756.64,0.0,369012.42,7185384.15
2024-05-02,361810.81,16711.77,0.0,345099.04,7530483.19
2024-05-03,414532.05,17118.97,0.0,397413.08,7927896.27
2024-05-04,540547.78,15433.93,0.0,525113.86,8453010.13
2024-05-05,472078.19,15606.99,1200000.0,-743528.8,7709481.33
2024-05-06,3807.28,16677.53,0.0,-12870.25,7696611.08
2024-05-07,3367.49,15737.7,0.0,-12370.21,7684240.88
2024-05-08,3553.28,13599.74,0.0,-10046.46,7674194.42
2024-05-09,2711.55,14320.54,0.0,-11608.99,7662585.43
2024-05-10,3423.98,15892.68,0.0,-12468.7,7650116.72
2024-05-11,3526.36,17363.22,0.0,-13836.87,7636279.86
2024-05-12,2873.68,17963.97,0.0,-15090.3,7621189.56
2024-05-13,3441.77,16709.29,0.0,-13267.52,7607922.04
2024-05-14,3445.09,15970.94,0.0,-12525.84,7595396.19
2024-05-15,2887.22,16663.22,0.0,-13776.0,7581620.2
2024-05-16,2600.62,14539.87,0.0,-11939.26,7569680.94
2024-05-17,2569.94,15310.15,0.0,-12740.22,7556940.72
2024-05-18,3205.25,14303.8,0.0,-11098.55,7545842.17
2024-05-19,3325.5,13666.89,0.0,-10341.38,7535500.79
2024-05-20,2765.74,16040.32,0.0,-13274.59,7522226.2
2024-05-21,3175.29,15818.27,0.0,-12642.98,7509583.22
2024-05-22,3447.27,16571.48,0.0,-13124.21,7496459.01
2024-05-23,3471.1,16359.17,0.0,-12888.07,7483570.94
2024-05-24,3937.94,15903.97,0.0,-11966.03,7471604.92
2024-05-25,3800.49,16374.92,0.0,-12574.43,7459030.48
2024-05-26,2661.35,15475.98,0.0,-12814.62,7446215.86
2024-05-27,4003.79,16159.34,0.0,-12155.54,7434060.32
2024-05-28,2896.51,14450.78,350000.0,-361554.27,7072506.04
2024-05-29,3684.44,16094.56,0.0,-12410.12,7060095.92
2024-05-30,3195.99,16542.63,0.0,-13346.63,7046749.29
2024-05-31,2955.93,14535.48,0.0,-11579.55,7035169.74
2024-06-01,383915.16,15617.75,0.0,368297.41,7403467.14
2024-06-02,465721.77,14604.6,0.0,451117.18,7854584.32
2024-06-03,396330.84,14750.24,0.0,381580.6,8236164.92
2024-06-04,522664.96,13852.61,0.0,508812.36,8744977.28
2024-06-05,550139.63,17438.66,1200000.0,-667299.03,8077678.25
2024-06-06,2763.54,17138.53,0.0,-14374.98,8063303.26
2024-06-07,3312.99,16346.15,0.0,-13033.17,8050270.1
2024-06-08,2799.3,18498.29,0.0,-15698.99,8034571.11
2024-06-09,2847.76,15256.13,0.0,-12408.37,8022162.74
2024-06-10,3549.25,20087.64,0.0,-16538.4,8005624.34
2024-06-11,3142.73,15198.71,0.0,-12055.98,7993568.36
2024-06-12,4031.82,15922.79,0.0,-11890.97,7981677.4
2024-06-13,2920.88,14943.33,0.0,-12022.45,7969654.95
2024-06-14,3661.67,16098.49,0.0,-12436.82,7957218.13
2024-06-15,3210.71,16793.42,0.0,-13582.72,7943635.41
2024-06-16,3559.89,15369.13,0.0,-11809.24,7931826.18
2024-06-17,2938.42,18205.08,0.0,-15266.66,7916559.52
2024-06-18,3137.22,15898.72,0.0,-12761.5,7903798.01
2024-06-19,3104.25,15945.73,0.0,-12841.48,7890956.54
2024-06-20,2743.97,14176.5,0.0,-11432.53,7879524.0
2024-06-21,3493.04,16167.75,0.0,-12674.71,7866849.3
2024-06-22,3487.12,15338.96,0.0,-11851.83,7854997.46
2024-06-23,3458.78,14627.64,0.0,-11168.86,7843828.6
2024-06-24,3930.48,14375.29,0.0,-10444.81,7833383.79
2024-06-25,3886.67,19547.65,0.0,-15660.97,7817722.82
2024-06-26,2974.53,15144.78,0.0,-12170.26,7805552.56
2024-06-27,3348.53,13354.52,0.0,-10006.0,7795546.57
2024-06-28,2850.2,14492.67,350000.0,-361642.47,7433904.1
2024-06-29,3173.68,15462.65,0.0,-12288.97,7421615.13
2024-06-30,2862.13,16360.0,1000000.0,-1013497.88,6408117.26
2024-07-01,81470.56,27009.59,0.0,54460.97,6462578.22
2024-07-02,71419.59,27253.23,0.0,44166.36,6506744.58
2024-07-03,66765.77,24610.28,0.0,42155.49,6548900.07
2024-07-04,78058.95,26580.88,0.0,51478.07,6600378.14
2024-07-05,51145.08,24147.88,1200000.0,-1173002.8,5427375.33
2024-07-06,79988.97,24660.71,0.0,55328.26,5482703.59
2024-07-07,108088.39,24064.58,0.0,84023.8,5566727.4
2024-07-08,68993.75,23523.22,0.0,45470.53,5612197.92
2024-07-09,70513.57,28028.42,0.0,42485.15,5654683.07
2024-07-10,57898.83,27277.22,0.0,30621.61,5685304.68
2024-07-11,68324.13,27853.33,0.0,40470.8,5725775.48
2024-07-12,84538.08,25978.63,0.0,58559.45,5784334.93
2024-07-13,108372.0,27453.62,0.0,80918.38,5865253.31
2024-07-14,101827.07,22377.42,0.0,79449.64,5944702.95
2024-07-15,64997.57,27626.18,0.0,37371.39,5982074.35
2024-07-16,65353.42,26254.24,0.0,39099.18,6021173.53
2024-07-17,51476.42,27154.22,0.0,24322.2,6045495.72
2024-07-18,70571.12,26660.05,0.0,43911.08,6089406.8
2024-07-19,75273.86,23925.89,0.0,51347.98,6140754.78
2024-07-20,84373.81,22903.92,400000.0,-338530.11,5802224.66
2024-07-21,93515.83,24475.89,0.0,69039.94,5871264.6
2024-07-22,59250.28,27029.83,0.0,32220.45,5903485.05
2024-07-23,60787.19,27280.18,0.0,33507.01,5936992.06
2024-07-24,68937.85,23164.12,0.0,45773.74,5982765.79
2024-07-25,51834.78,23937.8,0.0,27896.98,6010662.78
2024-07-26,73424.16,24453.53,0.0,48970.63,6059633.41
2024-07-27,107668.55,25185.39,0.0,82483.16,6142116.57
2024-07-28,97618.97,23175.9,350000.0,-275556.92,5866559.65
2024-07-29,48664.33,23055.9,0.0,25608.44,5892168.08
2024-07-30,60538.65,24256.33,0.0,36282.32,5928450.4
2024-07-31,78373.22,26072.51,0.0,52300.71,5980751.11
2024-08-01,46286.05,23538.81,0.0,22747.23,6003498.35
2024-08-02,65729.81,25668.39,0.0,40061.42,6043559.77
2024-08-03,88329.99,28017.11,0.0,60312.89,6103872.65
2024-08-04,108175.7,23296.44,0.0,84879.26,6188751.92
2024-08-05,63109.09,25487.11,1200000.0,-1162378.02,5026373.9
2024-08-06,71741.63,27949.51,0.0,43792.12,5070166.01
2024-08-07,73033.68,25063.46,0.0,47970.22,5118136.23
2024-08-08,83199.81,24752.66,0.0,58447.15,5176583.38
2024-08-09,66886.46,28226.99,0.0,38659.47,5215242.85
2024-08-10,103890.44,25287.6,0.0,78602.85,5293845.7
2024-08-11,85279.45,28108.99,0.0,57170.46,5351016.16
2024-08-12,78033.31,26757.93,0.0,51275.38,5402291.53
2024-08-13,62425.93,25214.31,0.0,37211.62,5439503.15
2024-08-14,64023.97,26859.38,0.0,37164.59,5476667.74
2024-08-15,68332.02,26540.9,0.0,41791.12,5518458.86
2024-08-16,56006.93,27941.77,0.0,28065.16,5546524.02
2024-08-17,102417.7,24803.31,0.0,77614.39,5624138.41
2024-08-18,109804.66,25982.41,0.0,83822.25,5707960.66
2024-08-19,70853.47,25776.97,0.0,45076.5,5753037.16
2024-08-20,55798.82,27308.3,0.0,28490.52,5781527.68
2024-08-21,67519.53,23849.64,0.0,43669.88,5825197.57
2024-08-22,74446.23,27933.95,0.0,46512.28,5871709.84
2024-08-23,53486.09,26832.66,0.0,26653.43,5898363.28
2024-08-24,89382.34,23266.15,0.0,66116.19,5964479.47
2024-08-25,108895.44,28316.53,0.0,80578.91,6045058.38
2024-08-26,70670.76,30368.19,0.0,40302.58,6085360.95
2024-08-27,71805.77,27903.67,0.0,43902.1,6129263.06
2024-08-28,83385.96,28753.97,350000.0,-295368.01,5833895.05
2024-08-29,72258.42,26070.74,0.0,46187.68,5880082.73
2024-08-30,73773.1,22576.99,0.0,51196.11,5931278.84
2024-08-31,127237.46,22211.76,0.0,105025.7,6036304.54
2024-09-01,463609.77,15922.62,0.0,447687.15,6483991.69
2024-09-02,434405.86,14652.03,0.0,419753.83,6903745.52
2024-09-03,495689.82,14168.14,0.0,481521.68,7385267.2
2024-09-04,496249.55,15445.88,0.0,480803.67,7866070.87
2024-09-05,447964.23,16463.38,1200000.0,-768499.15,7097571.73
2024-09-06,2645.8,13360.86,0.0,-10715.06,7086856.66
2024-09-07,4316.92,14866.68,0.0,-10549.76,7076306.9
2024-09-08,3325.42,17804.81,0.0,-14479.38,7061827.52
2024-09-09,2795.86,13927.07,0.0,-11131.21,7050696.31
2024-09-10,3619.97,16844.64,0.0,-13224.68,7037471.63
2024-09-11,3107.43,14812.9,0.0,-11705.48,7025766.15
2024-09-12,3035.56,16358.69,0.0,-13323.13,7012443.02
2024-09-13,3443.14,17185.99,0.0,-13742.85,6998700.17
2024-09-14,2516.06,16651.92,0.0,-14135.86,6984564.3
2024-09-15,3338.31,16903.74,0.0,-13565.43,6970998.88
2024-09-16,4118.48,13812.61,0.0,-9694.13,6961304.75
2024-09-17,3395.09,17210.49,0.0,-13815.4,6947489.35
2024-09-18,2973.89,14260.96,0.0,-11287.07,6936202.28
2024-09-19,2908.45,15929.31,0.0,-13020.87,6923181.41
2024-09-20,2956.83,15927.37,0.0,-12970.54,6910210.87
2024-09-21,3035.02,16267.68,0.0,-13232.67,6896978.21
2024-09-22,2973.1,16045.44,0.0,-13072.34,6883905.87
2024-09-23,3620.16,14274.29,0.0,-10654.13,6873251.74
2024-09-24,2295.4,13515.2,0.0,-11219.8,6862031.94
2024-09-25,3593.0,16848.52,0.0,-13255.52,6848776.42
2024-09-26,2972.16,15818.75,0.0,-12846.6,6835929.82
2024-09-27,3350.47,17264.07,0.0,-13913.59,6822016.23
2024-09-28,2598.51,15472.9,350000.0,-362874.39,6459141.83
2024-09-29,3826.32,13432.25,0.0,-9605.94,6449535.9
2024-09-30,3784.82,16989.19,0.0,-13204.38,6436331.52
2024-10-01,522279.53,14984.44,0.0,507295.08,6943626.6
2024-10-02,398562.26,16053.01,0.0,382509.26,7326135.86
2024-10-03,515756.05,14568.81,0.0,501187.24,7827323.1
2024-10-04,494542.75,18006.45,0.0,476536.3,8303859.4
2024-10-05,394036.44,14225.15,1200000.0,-820188.72,7483670.69
2024-10-06,3149.85,15033.86,0.0,-11884.0,7471786.68
2024-10-07,3344.27,15701.17,0.0,-12356.91,7459429.78
2024-10-08,3440.04,13901.73,0.0,-10461.69,7448968.09
2024-10-09,3250.63,16035.78,0.0,-12785.15,7436182.94
2024-10-10,3307.62,17957.87,0.0,-14650.25,7421532.69
2024-10-11,3898.81,14804.31,0.0,-10905.5,7410627.19
2024-10-12,3775.02,16132.71,0.0,-12357.7,7398269.49
2024-10-13,1728.47,11415.85,0.0,-9687.37,7388582.12
2024-10-14,3003.28,15481.61,0.0,-12478.33,7376103.79
2024-10-15,3079.67,15070.44,0.0,-11990.76,7364113.03
2024-10-16,2285.95,14312.25,0.0,-12026.3,7352086.73
2024-10-17,3209.09,17162.18,0.0,-13953.08,7338133.64
2024-10-18,3786.38,15050.63,0.0,-11264.26,7326869.39
2024-10-19,2618.72,15273.78,0.0,-12655.07,7314214.32
2024-10-20,3330.2,14974.21,400000.0,-411644.01,6902570.31
2024-10-21,2704.09,12664.78,0.0,-9960.69,6892609.62
2024-10-22,2826.04,13842.02,0.0,-11015.98,6881593.64
2024-10-23,3900.7,16981.64,0.0,-13080.94,6868512.7
2024-10-24,2890.72,12375.07,0.0,-9484.35,6859028.35
2024-10-25,3393.11,14390.53,0.0,-10997.42,6848030.93
2024-10-26,2226.39,14940.42,0.0,-12714.03,6835316.9
2024-10-27,4093.16,18155.43,0.0,-14062.27,6821254.62
2024-10-28,3463.33,16692.91,350000.0,-363229.58,6458025.04
2024-10-29,3070.75,14704.24,0.0,-11633.49,6446391.55
2024-10-30,3449.77,17496.77,0.0,-14047.0,6432344.55
2024-10-31,2457.09,14429.23,0.0,-11972.14,6420372.42
2024-11-01,533426.54,17053.65,0.0,516372.89,6936745.3
2024-11-02,458100.76,13501.68,0.0,444599.08,7381344.38
2024-11-03,464096.52,17149.89,0.0,446946.64,7828291.02
2024-11-04,449717.22,14930.8,0.0,434786.42,8263077.44
2024-11-05,445267.43,13997.24,1200000.0,-768729.81,7494347.63
2024-11-06,3509.34,15214.28,0.0,-11704.95,7482642.68
2024-11-07,3289.95,15956.02,0.0,-12666.06,7469976.61
2024-11-08,3487.87,14797.88,0.0,-11310.0,7458666.61
2024-11-09,3157.6,16370.93,0.0,-13213.33,7445453.28
2024-11-10,3418.6,14665.51,0.0,-11246.91,7434206.37
2024-11-11,2952.58,16470.56,0.0,-13517.98,7420688.39
2024-11-12,4276.87,16203.33,0.0,-11926.47,7408761.92
2024-11-13,2378.03,15448.62,0.0,-13070.58,7395691.34
2024-11-14,3792.47,14877.93,0.0,-11085.46,7384605.88
2024-11-15,3845.95,15767.31,0.0,-11921.36,7372684.53
2024-11-16,2735.92,16365.38,0.0,-13629.46,7359055.07
2024-11-17,4276.64,18632.7,0.0,-14356.06,7344699.0
2024-11-18,3659.75,16949.13,0.0,-13289.39,7331409.62
2024-11-19,3647.57,17003.98,0.0,-13356.42,7318053.2
2024-11-20,3176.01,20172.77,0.0,-16996.76,7301056.45
2024-11-21,3053.39,16313.94,0.0,-13260.55,7287795.9
2024-11-22,3057.3,16266.97,0.0,-13209.67,7274586.23
2024-11-23,3357.27,16596.02,0.0,-13238.76,7261347.47
2024-11-24,3862.59,14026.55,0.0,-10163.96,7251183.51
2024-11-25,3252.66,14874.15,0.0,-11621.49,7239562.02
2024-11-26,2706.28,14780.75,0.0,-12074.47,7227487.55
2024-11-27,3574.21,16511.42,0.0,-12937.21,7214550.35
2024-11-28,3622.58,15278.74,350000.0,-361656.16,6852894.18
2024-11-29,3489.33,15747.34,0.0,-12258.01,6840636.18
2024-11-30,3534.75,17171.18,0.0,-13636.43,6826999.74
2024-12-01,460753.59,16834.73,0.0,443918.87,7270918.61
2024-12-02,427850.54,15297.42,0.0,412553.12,7683471.74
2024-12-03,430890.33,14535.01,0.0,416355.32,8099827.06
2024-12-04,392526.84,17242.91,0.0,375283.93,8475110.98
2024-12-05,486147.43,16700.84,1200000.0,-730553.41,7744557.58
2024-12-06,3120.28,13130.61,0.0,-10010.34,7734547.24
2024-12-07,2942.01,15070.27,0.0,-12128.26,7722418.97
2024-12-08,1684.19,15788.27,0.0,-14104.08,7708314.89
2024-12-09,2538.34,16708.24,0.0,-14169.9,7694144.99
2024-12-10,3722.42,16905.15,0.0,-13182.73,7680962.26
2024-12-11,2829.69,15965.86,0.0,-13136.17,7667826.08
2024-12-12,3342.3,16417.87,0.0,-13075.58,7654750.51
2024-12-13,2466.66,15636.21,0.0,-13169.55,7641580.96
2024-12-14,3881.35,14529.22,0.0,-10647.87,7630933.09
2024-12-15,3089.99,15148.1,0.0,-12058.12,7618874.97
2024-12-16,3307.02,15568.49,0.0,-12261.47,7606613.51
2024-12-17,4324.89,15487.98,0.0,-11163.09,7595450.42
2024-12-18,3920.22,12711.64,0.0,-8791.42,7586658.99
2024-12-19,3008.72,14943.77,0.0,-11935.06,7574723.94
2024-12-20,2865.39,15624.31,0.0,-12758.92,7561965.02
2024-12-21,2999.23,15117.95,0.0,-12118.72,7549846.3
2024-12-22,3416.95,15169.76,0.0,-11752.82,7538093.49
2024-12-23,3109.39,16271.99,0.0,-13162.6,7524930.89
2024-12-24,2964.38,13921.56,0.0,-10957.19,7513973.7
2024-12-25,3895.59,13097.94,0.0,-9202.35,7504771.35
2024-12-26,3104.9,15017.75,0.0,-11912.85,7492858.5
2024-12-27,4311.79,16686.17,0.0,-12374.38,7480484.13
2024-12-28,3207.37,18071.33,350000.0,-364863.96,7115620.17
2024-12-29,4054.66,16713.19,0.0,-12658.53,7102961.64
2024-12-30,3340.66,13337.6,0.0,-9996.94,7092964.69
2024-12-31,3643.48,15191.45,0.0,-11547.97,7081416.72
2025-01-01,446169.45,16104.95,0.0,430064.5,7511481.22
2025-01-02,439712.04,15986.39,0.0,423725.65,7935206.87
2025-01-03,505385.3,16528.96,0.0,488856.34,8424063.21
2025-01-04,531827.66,14344.43,0.0,517483.24,8941546.45
2025-01-05,484412.83,15817.41,1200000.0,-731404.59,8210141.86
2025-01-06,2572.8,16350.48,0.0,-13777.68,8196364.18
2025-01-07,2535.87,16958.51,0.0,-14422.64,8181941.54
2025-01-08,2502.43,14511.42,0.0,-12008.99,8169932.55
2025-01-09,2332.19,15202.26,0.0,-12870.08,8157062.47
2025-01-10,3270.74,11664.27,0.0,-8393.53,8148668.94
2025-01-11,3778.52,14787.81,0.0,-11009.29,8137659.66
2025-01-12,3209.29,14933.38,0.0,-11724.09,8125935.57
2025-01-13,2085.79,14190.62,0.0,-12104.83,8113830.74
2025-01-14,3120.62,15968.42,0.0,-12847.8,8100982.94
2025-01-15,3134.6,15636.08,0.0,-12501.48,8088481.46
2025-01-16,4264.0,12331.18,0.0,-8067.18,8080414.28
2025-01-17,2487.43,16043.26,0.0,-13555.83,8066858.45
2025-01-18,3020.66,14327.51,0.0,-11306.85,8055551.6
2025-01-19,4068.93,16448.53,0.0,-12379.61,8043171.99
2025-01-20,3440.99,13797.22,400000.0,-410356.23,7632815.76
2025-01-21,3497.66,15765.01,0.0,-12267.35,7620548.4
2025-01-22,3273.29,15295.26,0.0,-12021.96,7608526.44
2025-01-23,3380.97,16174.65,0.0,-12793.68,7595732.76
2025-01-24,3604.8,15907.05,0.0,-12302.24,7583430.52
2025-01-25,2811.26,15337.25,0.0,-12526.0,7570904.52
2025-01-26,3655.03,13415.59,0.0,-9760.56,7561143.96
2025-01-27,2529.5,13504.19,0.0,-10974.69,7550169.27
2025-01-28,3380.18,14844.17,350000.0,-361463.99,7188705.28
2025-01-29,3305.37,15707.58,0.0,-12402.21,7176303.08
2025-01-30,2907.85,14807.63,0.0,-11899.77,7164403.3
2025-01-31,3204.66,16657.82,0.0,-13453.16,7150950.14
2025-02-01,451272.99,15301.17,0.0,435971.82,7586921.96
2025-02-02,428814.93,14272.48,0.0,414542.45,8001464.42
2025-02-03,464719.26,15302.86,0.0,449416.41,8450880.82
2025-02-04,427200.57,16058.79,0.0,411141.78,8862022.6
2025-02-05,498539.87,16207.33,1200000.0,-717667.45,8144355.15
2025-02-06,2640.96,18537.57,0.0,-15896.61,8128458.54
2025-02-07,3571.99,14716.64,0.0,-11144.65,8117313.89
2025-02-08,2625.26,15609.78,0.0,-12984.52,8104329.37
2025-02-09,2932.85,16359.19,0.0,-13426.33,8090903.03
2025-02-10,2903.7,15684.87,0.0,-12781.17,8078121.87
2025-02-11,3878.57,14969.07,0.0,-11090.5,8067031.37
2025-02-12,3381.14,13396.11,0.0,-10014.97,8057016.4
2025-02-13,3110.13,14953.75,0.0,-11843.62,8045172.78
2025-02-14,3465.36,14109.45,0.0,-10644.09,8034528.7
2025-02-15,2162.4,13130.09,0.0,-10967.69,8023561.01
2025-02-16,3194.43,14526.48,0.0,-11332.05,8012228.96
2025-02-17,4214.76,14149.36,0.0,-9934.61,8002294.36
2025-02-18,3282.17,16595.68,0.0,-13313.51,7988980.85
2025-02-19,3249.96,16621.64,0.0,-13371.68,7975609.17
2025-02-20,3490.06,14364.18,0.0,-10874.12,7964735.05
2025-02-21,3663.8,15329.66,0.0,-11665.85,7953069.2
2025-02-22,2217.27,12932.64,0.0,-10715.37,7942353.83
2025-02-23,2374.84,14978.49,0.0,-12603.65,7929750.18
2025-02-24,3321.15,16318.47,0.0,-12997.33,7916752.85
2025-02-25,2858.56,16957.41,0.0,-14098.85,7902654.0
2025-02-26,3872.01,14650.43,0.0,-10778.42,7891875.59
2025-02-27,3058.41,17297.78,0.0,-14239.37,7877636.22
2025-02-28,2248.73,13446.46,350000.0,-361197.73,7516438.49
2025-03-01,418999.3,13848.56,0.0,405150.75,7921589.24
2025-03-02,344916.2,16784.49,0.0,328131.71,8249720.94
2025-03-03,470693.72,18226.68,0.0,452467.04,8702187.98
2025-03-04,472980.79,16460.15,0.0,456520.65,9158708.63
2025-03-05,461176.86,15659.49,1200000.0,-754482.62,8404226.01
2025-03-06,3755.44,12427.22,0.0,-8671.78,8395554.22
2025-03-07,3815.26,12686.33,0.0,-8871.07,8386683.15
2025-03-08,3130.81,15914.11,0.0,-12783.31,8373899.84
2025-03-09,2148.65,15182.91,0.0,-13034.25,8360865.59
2025-03-10,3524.64,14061.25,0.0,-10536.61,8350328.98
2025-03-11,3493.68,15818.3,0.0,-12324.62,8338004.37
2025-03-12,3370.7,15892.7,0.0,-12522.0,8325482.36
2025-03-13,3706.74,17136.62,0.0,-13429.88,8312052.48
2025-03-14,2633.59,15924.9,0.0,-13291.32,8298761.16
2025-03-15,4220.38,17562.59,0.0,-13342.21,8285418.95
2025-03-16,2736.29,15731.99,0.0,-12995.7,8272423.24
2025-03-17,3590.61,15547.0,0.0,-11956.39,8260466.86
2025-03-18,2372.33,17316.47,0.0,-14944.14,8245522.72
2025-03-19,2750.87,14252.34,0.0,-11501.47,8234021.24
2025-03-20,3974.18,19941.67,0.0,-15967.49,8218053.76
2025-03-21,3085.55,16282.89,0.0,-13197.34,8204856.42
2025-03-22,3635.96,16291.24,0.0,-12655.28,8192201.14
2025-03-23,3334.48,16507.64,0.0,-13173.17,8179027.97
2025-03-24,3163.52,18535.7,0.0,-15372.18,8163655.79
2025-03-25,3897.93,16908.76,0.0,-13010.84,8150644.95
2025-03-26,3097.67,13312.42,0.0,-10214.75,8140430.21
2025-03-27,2325.63,17825.21,0.0,-15499.57,8124930.63
2025-03-28,2814.38,15208.66,350000.0,-362394.28,7762536.36
2025-03-29,3491.6,15880.73,0.0,-12389.14,7750147.22
2025-03-30,3413.75,13801.12,0.0,-10387.36,7739759.86
2025-03-31,2432.47,16509.3,0.0,-14076.83,7725683.02
2025-04-01,446182.87,14742.94,0.0,431439.94,8157122.96
2025-04-02,453313.93,15870.25,0.0,437443.68,8594566.64
2025-04-03,464126.52,15293.85,0.0,448832.67,9043399.31
2025-04-04,413604.32,18607.52,0.0,394996.8,9438396.11
2025-04-05,450981.44,18693.39,1200000.0,-767711.95,8670684.16
2025-04-06,2851.69,15789.77,0.0,-12938.07,8657746.09
2025-04-07,3601.77,15815.97,0.0,-12214.2,8645531.89
2025-04-08,3620.56,15159.84,0.0,-11539.27,8633992.61
2025-04-09,3143.09,17379.01,0.0,-14235.91,8619756.7
2025-04-10,3019.98,15226.62,0.0,-12206.64,8607550.06
2025-04-11,3285.96,15087.99,0.0,-11802.03,8595748.03
2025-04-12,2807.71,17187.89,0.0,-14380.18,8581367.85
2025-04-13,2642.58,14912.55,0.0,-12269.97,8569097.88
2025-04-14,2745.89,15663.37,0.0,-12917.48,8556180.4
2025-04-15,2898.59,13348.03,0.0,-10449.44,8545730.96
2025-04-16,2634.26,16776.29,0.0,-14142.02,8531588.94
2025-04-17,3297.03,18631.3,0.0,-15334.27,8516254.67
2025-04-18,3580.86,16801.84,0.0,-13220.98,8503033.69
2025-04-19,2422.45,17912.7,0.0,-15490.25,8487543.44
2025-04-20,3228.56,14450.85,400000.0,-411222.28,8076321.16
2025-04-21,3106.03,16074.49,0.0,-12968.45,8063352.71
2025-04-22,3386.75,14305.26,0.0,-10918.51,8052434.2
2025-04-23,3209.53,15378.35,0.0,-12168.82,8040265.38
2025-04-24,2489.2,16878.32,0.0,-14389.12,8025876.26
2025-04-25,2584.81,15872.73,0.0,-13287.93,8012588.34
2025-04-26,3230.71,13601.04,0.0,-10370.33,8002218.01
2025-04-27,3730.39,13747.46,0.0,-10017.07,7992200.94
2025-04-28,2108.91,13648.25,350000.0,-361539.35,7630661.6
2025-04-29,3388.86,16457.18,0.0,-13068.32,7617593.28
2025-04-30,3810.81,18815.84,0.0,-15005.03,7602588.25
2025-05-01,474748.71,17763.69,0.0,456985.02,8059573.27
2025-05-02,509910.12,12876.02,0.0,497034.1,8556607.37
2025-05-03,447246.55,17851.61,0.0,429394.93,8986002.3
2025-05-04,476431.69,17124.6,0.0,459307.09,9445309.39
2025-05-05,401354.32,13402.05,1200000.0,-812047.73,8633261.67
2025-05-06,2043.83,15265.2,0.0,-13221.37,8620040.3
2025-05-07,3687.38,17363.28,0.0,-13675.9,8606364.4
2025-05-08,2723.5,16545.65,0.0,-13822.15,8592542.25
2025-05-09,2988.24,13756.36,0.0,-10768.12,8581774.13
2025-05-10,2522.78,16636.11,0.0,-14113.33,8567660.79
2025-05-11,2511.02,12513.75,0.0,-10002.73,8557658.06
2025-05-12,3129.08,15385.77,0.0,-12256.69,8545401.37
2025-05-13,2851.21,17426.94,0.0,-14575.72,8530825.65
2025-05-14,3404.99,15747.59,0.0,-12342.61,8518483.04
2025-05-15,3442.27,14971.59,0.0,-11529.32,8506953.72
2025-05-16,3376.42,17054.02,0.0,-13677.59,8493276.12
2025-05-17,3335.3,17182.13,0.0,-13846.83,8479429.3
2025-05-18,4004.88,17685.06,0.0,-13680.18,8465749.12
2025-05-19,2682.2,17031.51,0.0,-14349.31,8451399.81
2025-05-20,3188.53,17342.06,0.0,-14153.53,8437246.28
2025-05-21,3782.34,16819.36,0.0,-13037.02,8424209.26
2025-05-22,3848.27,16118.29,0.0,-12270.02,8411939.24
2025-05-23,2505.12,15854.26,0.0,-13349.15,8398590.1
2025-05-24,3059.82,15364.11,0.0,-12304.29,8386285.81
2025-05-25,3895.06,13901.45,0.0,-10006.39,8376279.42
2025-05-26,3470.04,14287.03,0.0,-10816.99,8365462.43
2025-05-27,3313.63,15296.98,0.0,-11983.35,8353479.08
2025-05-28,3107.16,16082.18,350000.0,-362975.02,7990504.06
2025-05-29,3024.1,17881.22,0.0,-14857.12,7975646.94
2025-05-30,3360.11,15657.3,0.0,-12297.19,7963349.75
2025-05-31,3089.81,17225.21,0.0,-14135.4,7949214.34
2025-06-01,480271.07,17338.97,0.0,462932.1,8412146.44
2025-06-02,486329.94,15372.83,0.0,470957.11,8883103.55
2025-06-03,448496.42,16612.04,0.0,431884.39,9314987.93
2025-06-04,509006.47,15354.71,0.0,493651.76,9808639.69
2025-06-05,628112.23,17703.2,1200000.0,-589590.97,9219048.72
2025-06-06,2327.51,16673.77,0.0,-14346.26,9204702.46
2025-06-07,3378.01,13934.27,0.0,-10556.27,9194146.2
2025-06-08,2835.9,15962.29,0.0,-13126.38,9181019.81
2025-06-09,3504.7,18192.17,0.0,-14687.47,9166332.35
2025-06-10,3239.28,15448.15,0.0,-12208.87,9154123.47
2025-06-11,3596.93,16391.57,0.0,-12794.65,9141328.83
2025-06-12,3803.75,16538.82,0.0,-12735.06,9128593.76
2025-06-13,3312.21,14165.07,0.0,-10852.86,9117740.91
2025-06-14,3782.03,16486.06,0.0,-12704.04,9105036.87
2025-06-15,2043.85,13629.25,0.0,-11585.4,9093451.48
2025-06-16,4011.23,14781.56,0.0,-10770.34,9082681.14
2025-06-17,3403.53,17333.58,0.0,-13930.05,9068751.08
2025-06-18,3754.92,16255.13,0.0,-12500.21,9056250.87
2025-06-19,2606.06,15263.28,0.0,-12657.22,9043593.65
2025-06-20,2800.62,16389.69,0.0,-13589.08,9030004.57
2025-06-21,3288.97,15629.86,0.0,-12340.89,9017663.68
2025-06-22,3207.48,15738.87,0.0,-12531.39,9005132.29
2025-06-23,3357.53,16705.23,0.0,-13347.69,8991784.6
2025-06-24,3758.26,14628.95,0.0,-10870.69,8980913.91
2025-06-25,2333.39,15780.5,0.0,-13447.11,8967466.8
2025-06-26,3702.91,15251.6,0.0,-11548.69,8955918.11
2025-06-27,3220.14,13341.59,0.0,-10121.45,8945796.65
2025-06-28,3114.11,14339.32,350000.0,-361225.21,8584571.45
2025-06-29,2480.44,18072.31,0.0,-15591.87,8568979.58
2025-06-30,3467.52,16297.08,1000000.0,-1012829.56,7556150.02
2025-07-01,50367.14,23552.82,0.0,26814.31,7582964.33
2025-07-02,74867.15,23119.29,0.0,51747.86,7634712.19
2025-07-03,57743.15,25975.67,0.0,31767.48,7666479.67
2025-07-04,70107.66,29322.37,0.0,40785.29,7707264.96
2025-07-05,100648.31,25826.48,1200000.0,-1125178.17,6582086.79
2025-07-06,113535.38,28814.0,0.0,84721.38,6666808.17
2025-07-07,68250.76,26903.86,0.0,41346.9,6708155.07
2025-07-08,64126.89,27142.5,0.0,36984.39,6745139.46
2025-07-09,65627.18,23528.56,0.0,42098.62,6787238.08
2025-07-10,79863.06,28075.05,0.0,51788.02,6839026.1
2025-07-11,73970.38,25530.14,0.0,48440.24,6887466.34
2025-07-12,97983.7,27926.18,0.0,70057.52,6957523.85
2025-07-13,99475.54,24571.66,0.0,74903.88,7032427.73
2025-07-14,57142.58,26554.1,0.0,30588.48,7063016.21
2025-07-15,72787.79,26904.01,0.0,45883.79,7108900.0
2025-07-16,55601.47,25891.93,0.0,29709.54,7138609.54
2025-07-17,75694.37,27009.09,0.0,48685.28,7187294.82
2025-07-18,70708.97,25667.21,0.0,45041.77,7232336.59
2025-07-19,125709.52,24901.88,0.0,100807.64,7333144.23
2025-07-20,90838.64,29410.97,400000.0,-338572.32,6994571.91
2025-07-21,68858.7,28297.91,0.0,40560.8,7035132.7
2025-07-22,84066.3,24678.27,0.0,59388.03,7094520.73
2025-07-23,79211.12,27336.89,0.0,51874.23,7146394.96
2025-07-24,64110.3,24714.64,0.0,39395.66,7185790.62
2025-07-25,71471.74,23830.63,0.0,47641.11,7233431.73
2025-07-26,101859.99,28267.62,0.0,73592.37,7307024.11
2025-07-27,104659.56,22791.8,0.0,81867.76,7388891.87
2025-07-28,64090.56,28053.71,350000.0,-313963.16,7074928.71
2025-07-29,68965.44,25694.56,0.0,43270.88,7118199.59
2025-07-30,56895.58,25776.91,0.0,31118.67,7149318.27
2025-07-31,70760.99,27019.5,0.0,43741.49,7193059.75
2025-08-01,73280.17,27362.4,0.0,45917.77,7238977.52
2025-08-02,99565.81,24547.31,0.0,75018.49,7313996.01
2025-08-03,85689.49,27635.45,0.0,58054.04,7372050.05
2025-08-04,77588.25,26426.74,0.0,51161.51,7423211.56
2025-08-05,72596.2,23687.89,1200000.0,-1151091.69,6272119.87
2025-08-06,63871.88,25860.25,0.0,38011.63,6310131.5
2025-08-07,67435.2,28962.56,0.0,38472.64,6348604.14
2025-08-08,57674.64,29553.19,0.0,28121.46,6376725.6
2025-08-09,91585.9,27634.7,0.0,63951.2,6440676.8
2025-08-10,96461.89,23819.31,0.0,72642.57,6513319.37
2025-08-11,79507.37,27181.21,0.0,52326.15,6565645.52
2025-08-12,64563.97,27901.72,0.0,36662.25,6602307.78
2025-08-13,74801.71,27651.42,0.0,47150.29,6649458.07
2025-08-14,65373.47,27769.91,0.0,37603.56,6687061.63
2025-08-15,71663.58,26926.53,0.0,44737.05,6731798.68
2025-08-16,100426.04,26055.18,0.0,74370.87,6806169.55
2025-08-17,110570.57,24983.27,0.0,85587.3,6891756.86
2025-08-18,65401.51,22404.13,0.0,42997.38,6934754.24
2025-08-19,57099.77,26879.28,0.0,30220.49,6964974.73
2025-08-20,58624.41,26572.11,0.0,32052.3,6997027.03
2025-08-21,65424.98,27315.15,0.0,38109.83,7035136.86
2025-08-22,59687.52,23524.91,0.0,36162.61,7071299.46
2025-08-23,105942.12,27490.03,0.0,78452.09,7149751.55
2025-08-24,97182.32,30309.09,0.0,66873.23,7216624.78
2025-08-25,88676.85,26356.9,0.0,62319.95,7278944.73
2025-08-26,55778.28,26076.67,0.0,29701.61,7308646.35
2025-08-27,71309.07,26818.0,0.0,44491.06,7353137.41
2025-08-28,60656.38,30264.67,350000.0,-319608.3,7033529.11
2025-08-29,65732.79,24152.7,0.0,41580.08,7075109.19
2025-08-30,103254.19,26606.41,0.0,76647.78,7151756.97
2025-08-31,78586.29,24600.69,0.0,53985.6,7205742.57
2025-09-01,494241.31,14899.49,0.0,479341.81,7685084.39
2025-09-02,577545.37,15645.61,0.0,561899.76,8246984.15
2025-09-03,459728.09,17740.98,0.0,441987.1,8688971.25
2025-09-04,495390.39,18421.49,0.0,476968.91,9165940.15
2025-09-05,533646.08,16392.21,1200000.0,-682746.13,8483194.02
2025-09-06,3134.02,15155.11,0.0,-12021.08,8471172.94
2025-09-07,2925.52,19459.11,0.0,-16533.59,8454639.35
2025-09-08,2078.13,15078.67,0.0,-13000.54,8441638.82
2025-09-09,3536.5,14863.3,0.0,-11326.8,8430312.01
2025-09-10,3159.42,13057.59,0.0,-9898.17,8420413.84
2025-09-11,2709.66,17814.14,0.0,-15104.48,8405309.37
2025-09-12,3279.3,17172.37,0.0,-13893.07,8391416.3
2025-09-13,2924.16,19346.71,0.0,-16422.55,8374993.75
2025-09-14,2951.79,13635.71,0.0,-10683.93,8364309.82
2025-09-15,3519.15,17907.26,0.0,-14388.11,8349921.71
2025-09-16,2546.81,15825.2,0.0,-13278.39,8336643.31
2025-09-17,3739.66,16929.15,0.0,-13189.49,8323453.82
2025-09-18,2517.16,13248.33,0.0,-10731.18,8312722.64
2025-09-19,2884.65,17922.12,0.0,-15037.47,8297685.17
2025-09-20,4177.47,16899.78,0.0,-12722.3,8284962.87
2025-09-21,3779.68,15661.63,0.0,-11881.96,8273080.91
2025-09-22,3264.8,16687.67,0.0,-13422.87,8259658.04
2025-09-23,2745.73,14571.76,0.0,-11826.02,8247832.02
2025-09-24,2951.36,14850.84,0.0,-11899.48,8235932.55
2025-09-25,3252.64,15024.83,0.0,-11772.2,8224160.35
2025-09-26,3234.76,12940.91,0.0,-9706.15,8214454.2
2025-09-27,3170.56,17012.64,0.0,-13842.07,8200612.13
2025-09-28,3200.58,17507.39,350000.0,-364306.81,7836305.32
2025-09-29,3108.81,14667.98,0.0,-11559.17,7824746.15
2025-09-30,2495.01,16242.3,0.0,-13747.29,7810998.86
2025-10-01,456574.46,15321.69,0.0,441252.77,8252251.63
2025-10-02,528131.2,16212.41,0.0,511918.79,8764170.42
2025-10-03,413983.29,14778.63,0.0,399204.65,9163375.07
2025-10-04,472922.22,14394.86,0.0,458527.36,9621902.44
2025-10-05,441412.3,17298.11,1200000.0,-775885.81,8846016.63
2025-10-06,3271.68,15624.19,0.0,-12352.52,8833664.11
2025-10-07,3021.68,18753.16,0.0,-15731.48,8817932.63
2025-10-08,3954.7,15789.46,0.0,-11834.77,8806097.86
2025-10-09,3469.29,14330.88,0.0,-10861.59,8795236.27
2025-10-10,2560.1,17560.41,0.0,-15000.31,8780235.96
2025-10-11,3551.61,16666.2,0.0,-13114.59,8767121.37
2025-10-12,2828.67,16810.31,0.0,-13981.64,8753139.74
2025-10-13,2927.5,17505.9,0.0,-14578.4,8738561.34
2025-10-14,3372.91,14740.81,0.0,-11367.9,8727193.44
2025-10-15,2970.13,15529.12,0.0,-12558.99,8714634.45
2025-10-16,3662.43,15462.83,0.0,-11800.4,8702834.05
2025-10-17,2828.74,13783.88,0.0,-10955.14,8691878.91
2025-10-18,2906.53,15324.61,0.0,-12418.09,8679460.83
2025-10-19,2887.81,17724.57,0.0,-14836.75,8664624.07
2025-10-20,2933.18,16076.01,400000.0,-413142.83,8251481.24
2025-10-21,3765.6,13700.91,0.0,-9935.31,8241545.93
2025-10-22,3530.4,13386.24,0.0,-9855.84,8231690.09
2025-10-23,4070.97,18217.16,0.0,-14146.19,8217543.9
2025-10-24,4349.82,15584.52,0.0,-11234.7,8206309.2
2025-10-25,2700.64,14748.88,0.0,-12048.24,8194260.95
2025-10-26,3251.21,15309.01,0.0,-12057.8,8182203.15
2025-10-27,2627.9,13504.04,0.0,-10876.14,8171327.01
2025-10-28,2827.2,17854.64,350000.0,-365027.45,7806299.57
2025-10-29,2900.96,15130.42,0.0,-12229.46,7794070.11
2025-10-30,2687.42,17771.1,0.0,-15083.68,7778986.43
2025-10-31,2690.06,15797.48,0.0,-13107.42,7765879.01
2025-11-01,475185.78,17864.3,0.0,457321.48,8223200.49
2025-11-02,421564.08,16105.04,0.0,405459.04,8628659.53
2025-11-03,524506.35,16999.85,0.0,507506.5,9136166.02
2025-11-04,436512.32,16798.64,0.0,419713.68,9555879.71
2025-11-05,622878.45,16654.94,1200000.0,-593776.49,8962103.22
2025-11-06,2990.31,16241.9,0.0,-13251.59,8948851.63
2025-11-07,3252.01,15370.72,0.0,-12118.72,8936732.91
2025-11-08,2568.33,18593.15,0.0,-16024.82,8920708.09
2025-11-09,4069.05,14359.59,0.0,-10290.55,8910417.54
2025-11-10,3775.75,15726.46,0.0,-11950.71,8898466.83
2025-11-11,3364.46,15742.33,0.0,-12377.87,8886088.96
2025-11-12,2542.6,16323.66,0.0,-13781.06,8872307.9
2025-11-13,3321.33,15075.79,0.0,-11754.46,8860553.44
2025-11-14,2655.28,16192.12,0.0,-13536.83,8847016.6
2025-11-15,3947.18,15466.74,0.0,-11519.56,8835497.04
2025-11-16,3620.6,13347.07,0.0,-9726.47,8825770.57
2025-11-17,3263.72,15734.33,0.0,-12470.61,8813299.96
2025-11-18,1997.81,14069.15,0.0,-12071.34,8801228.62
2025-11-19,2724.29,13118.42,0.0,-10394.13,8790834.49
2025-11-20,3559.88,15925.31,0.0,-12365.43,8778469.06
2025-11-21,3822.44,16451.83,0.0,-12629.38,8765839.68
2025-11-22,3770.58,16510.05,0.0,-12739.46,8753100.22
2025-11-23,2419.99,16570.76,0.0,-14150.76,8738949.45
2025-11-24,3366.78,12821.12,0.0,-9454.34,8729495.11
2025-11-25,3723.76,13678.47,0.0,-9954.72,8719540.4
2025-11-26,2386.83,18680.28,0.0,-16293.45,8703246.95
2025-11-27,3212.05,14149.19,0.0,-10937.14,8692309.81
2025-11-28,3352.92,16636.26,350000.0,-363283.34,8329026.47
2025-11-29,3065.62,14689.59,0.0,-11623.98,8317402.49
2025-11-30,2289.92,15839.51,0.0,-13549.59,8303852.9
2025-12-01,466115.09,14770.12,0.0,451344.98,8755197.88
2025-12-02,466034.73,16562.31,0.0,449472.42,9204670.29
2025-12-03,474996.38,15925.16,0.0,459071.22,9663741.51
2025-12-04,454226.43,15047.57,0.0,439178.86,10102920.38
2025-12-05,460249.39,14144.74,1200000.0,-753895.35,9349025.03
2025-12-06,3196.15,16121.66,0.0,-12925.51,9336099.51
2025-12-07,3437.23,13900.92,0.0,-10463.69,9325635.82
2025-12-08,3063.79,16361.22,0.0,-13297.43,9312338.38
2025-12-09,3011.18,19659.73,0.0,-16648.55,9295689.83
2025-12-10,3262.18,17745.26,0.0,-14483.08,9281206.75
2025-12-11,2255.54,16797.52,0.0,-14541.98,9266664.77
2025-12-12,3454.52,15591.59,0.0,-12137.07,9254527.7
2025-12-13,3215.72,12811.87,0.0,-9596.15,9244931.55
2025-12-14,3235.85,13736.57,0.0,-10500.72,9234430.83
2025-12-15,3696.37,17644.19,0.0,-13947.82,9220483.0
2025-12-16,2239.59,14535.37,0.0,-12295.77,9208187.23
2025-12-17,2229.08,14671.12,0.0,-12442.04,9195745.19
2025-12-18,3352.9,15471.52,0.0,-12118.62,9183626.57
2025-12-19,3212.44,14126.93,0.0,-10914.49,9172712.08
2025-12-20,3301.09,13879.85,0.0,-10578.76,9162133.32
2025-12-21,2984.94,15644.29,0.0,-12659.35,9149473.97
2025-12-22,3548.18,14382.71,0.0,-10834.53,9138639.44
2025-12-23,3682.32,14608.47,0.0,-10926.15,9127713.29
2025-12-24,3457.99,14548.21,0.0,-11090.22,9116623.07
2025-12-25,3085.59,16503.54,0.0,-13417.95,9103205.11
2025-12-26,2162.16,15371.81,0.0,-13209.66,9089995.45
2025-12-27,3600.62,15452.14,0.0,-11851.52,9078143.93
2025-12-28,3826.86,16615.42,350000.0,-362788.55,8715355.38
2025-12-29,3538.28,15506.94,0.0,-11968.66,8703386.71
2025-12-30,2776.18,15302.62,0.0,-12526.44,8690860.27
2025-12-31,3552.9,16425.68,0.0,-12872.78,8677987.5
2026-01-01,533526.49,16902.3,0.0,516624.19,9194611.68
2026-01-02,568440.81,15679.39,0.0,552761.42,9747373.11
2026-01-03,446694.5,16020.91,0.0,430673.59,10178046.7
2026-01-04,479177.27,14727.31,0.0,464449.96,10642496.66
2026-01-05,527863.6,14608.98,1200000.0,-686745.37,9955751.28
2026-01-06,3298.71,17053.72,0.0,-13755.02,9941996.27
2026-01-07,2711.34,16567.41,0.0,-13856.08,9928140.19
2026-01-08,3477.31,16582.95,0.0,-13105.64,9915034.55
2026-01-09,3559.33,16321.28,0.0,-12761.95,9902272.6
2026-01-10,3313.98,15969.3,0.0,-12655.32,9889617.28
2026-01-11,3379.79,16944.62,0.0,-13564.83,9876052.45
2026-01-12,3140.65,17302.66,0.0,-14162.02,9861890.43
2026-01-13,4009.14,17266.84,0.0,-13257.7,9848632.73
2026-01-14,2819.65,15748.83,0.0,-12929.18,9835703.55
2026-01-15,2976.34,17980.49,0.0,-15004.15,9820699.4
2026-01-16,3275.49,16242.69,0.0,-12967.2,9807732.2
2026-01-17,3709.48,16848.56,0.0,-13139.09,9794593.12
2026-01-18,2521.31,16323.13,0.0,-13801.82,9780791.3
2026-01-19,2614.85,16270.51,0.0,-13655.66,9767135.64
2026-01-20,2251.14,14796.37,400000.0,-412545.24,9354590.4
2026-01-21,3286.35,16952.03,0.0,-13665.68,9340924.73
2026-01-22,2710.85,20167.94,0.0,-17457.09,9323467.63
2026-01-23,3077.72,15337.81,0.0,-12260.08,9311207.55
2026-01-24,3600.69,16006.49,0.0,-12405.8,9298801.75
2026-01-25,2949.23,15230.69,0.0,-12281.46,9286520.28
2026-01-26,3385.64,15167.97,0.0,-11782.33,9274737.95
2026-01-27,3120.33,18216.67,0.0,-15096.34,9259641.61
2026-01-28,3606.06,14890.54,350000.0,-361284.49,8898357.12
2026-01-29,3507.56,15188.88,0.0,-11681.32,8886675.81
2026-01-30,2924.03,13518.76,0.0,-10594.73,8876081.08
2026-01-31,3185.67,14763.58,0.0,-11577.91,8864503.17
2026-02-01,542687.17,13337.4,0.0,529349.77,9393852.94
2026-02-02,510168.84,16847.71,0.0,493321.14,9887174.08
2026-02-03,420651.9,20099.55,0.0,400552.35,10287726.43
2026-02-04,523280.9,15349.98,0.0,507930.92,10795657.35
2026-02-05,436269.47,13399.86,1200000.0,-777130.39,10018526.96
2026-02-06,3976.26,17250.0,0.0,-13273.74,10005253.21
2026-02-07,3782.05,14809.61,0.0,-11027.56,9994225.65
2026-02-08,3414.94,17849.02,0.0,-14434.08,9979791.57
2026-02-09,3348.62,15476.96,0.0,-12128.34,9967663.23
2026-02-10,3165.48,14952.28,0.0,-11786.79,9955876.44
2026-02-11,3609.26,15633.06,0.0,-12023.8,9943852.64
2026-02-12,3084.61,17036.67,0.0,-13952.05,9929900.58
2026-02-13,3387.78,15558.87,0.0,-12171.08,9917729.5
2026-02-14,3705.97,15154.91,0.0,-11448.95,9906280.55
2026-02-15,2989.1,15601.75,0.0,-12612.66,9893667.9
2026-02-16,2961.9,13992.22,0.0,-11030.31,9882637.59
2026-02-17,2672.82,16495.55,0.0,-13822.73,9868814.86
2026-02-18,2737.76,13219.91,0.0,-10482.15,9858332.71
2026-02-19,2355.8,15233.82,0.0,-12878.02,9845454.69
2026-02-20,3634.91,17039.08,0.0,-13404.16,9832050.53
2026-02-21,4174.46,16354.57,0.0,-12180.12,9819870.41
2026-02-22,3982.66,16785.48,0.0,-12802.82,9807067.6
2026-02-23,2456.96,15802.43,0.0,-13345.47,9793722.12
2026-02-24,3632.43,17654.62,0.0,-14022.19,9779699.93
2026-02-25,3981.05,17287.05,0.0,-13306.0,9766393.94
2026-02-26,3041.6,16569.21,0.0,-13527.62,9752866.32
2026-02-27,3320.72,17291.32,0.0,-13970.59,9738895.73
2026-02-28,2266.05,17025.64,350000.0,-364759.58,9374136.14
